{
	"IcoMoonType": "selection",
	"icons": [
		{
			"icon": {
				"paths": [
					"M626.784 512.032l195.072 195.072c12.672 12.672 12.672 33.248 0 45.92l-68.832 68.832c-12.672 12.672-33.216 12.672-45.92 0l-195.104-195.072-195.104 195.072c-12.672 12.672-33.216 12.672-45.888 0l-68.864-68.832c-12.672-12.672-12.672-33.216 0-45.92l195.104-195.072-195.104-195.104c-12.672-12.672-12.672-33.248 0-45.92l68.896-68.832c12.672-12.672 33.216-12.672 45.888 0l195.072 195.104 195.104-195.104c12.672-12.672 33.216-12.672 45.92 0l68.832 68.864c12.672 12.672 12.672 33.216 0 45.92l-195.072 195.072z"
				],
				"grid": 32
			},
			"properties": {
				"order": 1,
				"id": 0,
				"prevSize": 32,
				"code": 58882,
				"name": "uniE602",
				"ligatures": ""
			},
			"setIdx": 0,
			"iconIdx": 0
		},
		{
			"icon": {
				"paths": [
					"M1024 590.444l-512-397.426-512 397.428v-162.038l512-397.426 512 397.428zM896 576v384h-256v-256h-256v256h-256v-384l384-288z"
				],
				"tags": [
					"home",
					"house",
					"building"
				],
				"grid": 16
			},
			"properties": {
				"id": 0,
				"order": 43,
				"prevSize": 32,
				"code": 58880,
				"name": "home",
				"ligatures": ""
			},
			"setIdx": 0,
			"iconIdx": 1
		},
		{
			"icon": {
				"paths": [
					"M1024 608l-192-192v-288h-128v160l-192-192-512 512v32h128v320h320v-192h128v192h320v-320h128z"
				],
				"tags": [
					"home",
					"house",
					"building"
				],
				"grid": 16
			},
			"properties": {
				"id": 1,
				"order": 42,
				"prevSize": 32,
				"code": 58881,
				"name": "home2",
				"ligatures": ""
			},
			"setIdx": 0,
			"iconIdx": 2
		},
		{
			"icon": {
				"paths": [
					"M864 0c88.364 0 160 71.634 160 160 0 36.020-11.91 69.258-32 96l-64 64-224-224 64-64c26.742-20.090 59.978-32 96-32zM64 736l-64 288 288-64 592-592-224-224-592 592zM715.578 363.578l-448 448-55.156-55.156 448-448 55.156 55.156z"
				],
				"tags": [
					"pencil",
					"write",
					"edit",
					"blog",
					"note"
				],
				"grid": 16
			},
			"properties": {
				"id": 5,
				"order": 44,
				"prevSize": 32,
				"code": 32534,
				"name": "pencil",
				"ligatures": ""
			},
			"setIdx": 0,
			"iconIdx": 3
		},
		{
			"icon": {
				"paths": [
					"M896 192h-768v640h768v-640zM1024 64v0 896h-1024v-896h1024zM832 768h-640v-128l192-320 263 320 185-128v64zM640 352c0-53.019 42.981-96 96-96s96 42.981 96 96c0 53.019-42.981 96-96 96-53.019 0-96-42.981-96-96z"
				],
				"tags": [
					"image",
					"picture",
					"photo",
					"graphic"
				],
				"grid": 16
			},
			"properties": {
				"id": 12,
				"order": 45,
				"prevSize": 32,
				"code": 22270,
				"name": "image",
				"ligatures": ""
			},
			"setIdx": 0,
			"iconIdx": 4
		},
		{
			"icon": {
				"paths": [
					"M0 128v832h1024v-832h-1024zM960 896h-896v-704h896v704zM704 352c0-53.019 42.981-96 96-96s96 42.981 96 96c0 53.019-42.981 96-96 96-53.019 0-96-42.981-96-96zM896 832h-768l192-512 256 320 128-96z"
				],
				"tags": [
					"image",
					"picture",
					"photo",
					"graphic"
				],
				"grid": 16
			},
			"properties": {
				"id": 13,
				"order": 46,
				"prevSize": 32,
				"code": 58893,
				"name": "image2",
				"ligatures": ""
			},
			"setIdx": 0,
			"iconIdx": 5
		},
		{
			"icon": {
				"paths": [
					"M896 128v832h-672c-53.022 0-96-42.98-96-96 0-53.018 42.978-96 96-96h608v-768h-640c-70.398 0-128 57.6-128 128v768c0 70.4 57.602 128 128 128h768v-896h-64zM256 832h576v64h-576z"
				],
				"tags": [
					"book",
					"reading"
				],
				"grid": 16
			},
			"properties": {
				"id": 31,
				"order": 102,
				"prevSize": 32,
				"code": 20070,
				"name": "book",
				"ligatures": ""
			},
			"setIdx": 0,
			"iconIdx": 6
		},
		{
			"icon": {
				"paths": [
					"M892.118 188.118l-120.234-120.236c-37.338-37.336-111.084-67.882-163.884-67.882h-448c-52.8 0-96 43.2-96 96v832c0 52.8 43.2 96 96 96h704c52.8 0 96-43.2 96-96v-576c0-52.8-30.546-126.546-67.882-163.882zM640 135.562c2.196 0.804 4.452 1.68 6.758 2.636 18.060 7.482 30.598 16.176 34.616 20.194l120.236 120.238c4.018 4.018 12.712 16.554 20.194 34.614 0.956 2.306 1.832 4.562 2.636 6.756l-184.44 0v-184.438zM832 896h-640v-768h384v256h256v512zM256 512h512v64h-512zM256 640h512v64h-512zM256 768h512v64h-512z"
				],
				"tags": [
					"file",
					"list",
					"paper",
					"page",
					"document"
				],
				"grid": 16
			},
			"properties": {
				"id": 37,
				"order": 47,
				"prevSize": 32,
				"code": 58917,
				"name": "file3",
				"ligatures": ""
			},
			"setIdx": 0,
			"iconIdx": 7
		},
		{
			"icon": {
				"paths": [
					"M864 128h-64v64h32v512h-256v256h-384v-768h32v-64h-64c-17.602 0-32 14.4-32 32v832c0 17.6 14.398 32 32 32h504l232-232v-632c0-17.6-14.4-32-32-32zM640 960v-192h192l-192 192zM768 128h-128v-64c0-35.2-28.8-64-64-64h-128c-35.204 0-64 28.8-64 64v64h-128v128h512v-128zM576 128h-128v-63.886c0.034-0.038 0.072-0.078 0.114-0.114h127.768c0.042 0.036 0.082 0.076 0.118 0.114v63.886z"
				],
				"tags": [
					"copy",
					"duplicate"
				],
				"grid": 16
			},
			"properties": {
				"id": 40,
				"order": 48,
				"prevSize": 32,
				"code": 25335,
				"name": "copy2",
				"ligatures": ""
			},
			"setIdx": 0,
			"iconIdx": 8
		},
		{
			"icon": {
				"paths": [
					"M640 256v-256h-448l-192 192v576h384v256h640v-768h-384zM192 90.51v101.49h-101.49l101.49-101.49zM64 704v-448h192v-192h320v192l-192 192v256h-320zM576 346.51v101.49h-101.49l101.49-101.49zM960 960h-512v-448h192v-192h320v640z"
				],
				"tags": [
					"copy",
					"duplicate",
					"files",
					"pages",
					"papers",
					"documents"
				],
				"grid": 16
			},
			"properties": {
				"id": 41,
				"order": 49,
				"prevSize": 32,
				"code": 58921,
				"name": "copy3",
				"ligatures": ""
			},
			"setIdx": 0,
			"iconIdx": 9
		},
		{
			"icon": {
				"paths": [
					"M704 128h-128v-64c0-35.2-28.8-64-64-64h-128c-35.204 0-64 28.8-64 64v64h-128v128h512v-128zM512 128h-128v-63.886c0.034-0.038 0.072-0.078 0.114-0.114h127.768c0.042 0.036 0.082 0.076 0.118 0.114l0 63.886zM832 320v-160c0-17.6-14.4-32-32-32h-64v64h32v128h-384v448h-256v-576h32v-64h-64c-17.602 0-32 14.4-32 32v640c0 17.6 14.398 32 32 32h288v192h448l192-192v-512h-192zM832 933.49v-101.49h101.49l-101.49 101.49zM960 768h-192v192h-320v-576h512v384z"
				],
				"tags": [
					"paste",
					"clipboard"
				],
				"grid": 16
			},
			"properties": {
				"id": 42,
				"order": 50,
				"prevSize": 32,
				"code": 31896,
				"name": "paste",
				"ligatures": ""
			},
			"setIdx": 0,
			"iconIdx": 10
		},
		{
			"icon": {
				"paths": [
					"M832 320v-160c0-17.6-14.4-32-32-32h-224v-64c0-35.2-28.8-64-64-64h-128c-35.204 0-64 28.8-64 64v64h-224c-17.602 0-32 14.4-32 32v640c0 17.6 14.398 32 32 32h288v192h448l192-192v-512h-192zM384 64.114c0.034-0.038 0.072-0.078 0.114-0.114h127.768c0.042 0.036 0.082 0.076 0.118 0.114l0 63.886h-128v-63.886zM192 256v-64h512v64h-512zM832 933.49v-101.49h101.49l-101.49 101.49zM960 768h-192v192h-320v-576h512v384z"
				],
				"tags": [
					"paste",
					"clipboard"
				],
				"grid": 16
			},
			"properties": {
				"id": 43,
				"order": 51,
				"prevSize": 32,
				"code": 36148,
				"name": "paste2",
				"ligatures": ""
			},
			"setIdx": 0,
			"iconIdx": 11
		},
		{
			"icon": {
				"paths": [
					"M704 128h-128v-64c0-35.2-28.8-64-64-64h-128c-35.204 0-64 28.8-64 64v64h-128v128h512v-128zM512 128h-128v-63.886c0.034-0.038 0.072-0.078 0.114-0.114h127.768c0.042 0.036 0.082 0.076 0.118 0.114l0 63.886zM832 320v-160c0-17.6-14.4-32-32-32h-64v64h32v128h-192l-192 192v256h-256v-576h32v-64h-64c-17.602 0-32 14.4-32 32v640c0 17.6 14.398 32 32 32h288v192h640v-704h-192zM576 410.51v101.49h-101.49l101.49-101.49zM960 960h-512v-384h192v-192h320v576z"
				],
				"tags": [
					"paste",
					"clipboard"
				],
				"grid": 16
			},
			"properties": {
				"id": 44,
				"order": 52,
				"prevSize": 32,
				"code": 58924,
				"name": "paste3",
				"ligatures": ""
			},
			"setIdx": 0,
			"iconIdx": 12
		},
		{
			"icon": {
				"paths": [
					"M0 320h1024l-64 640h-896l-64-640zM928 192l32 64h-896l64-128h352l32 64h416z"
				],
				"tags": [
					"folder",
					"directory",
					"category",
					"browse"
				],
				"grid": 16
			},
			"properties": {
				"id": 46,
				"order": 101,
				"prevSize": 32,
				"code": 58926,
				"name": "folder",
				"ligatures": ""
			},
			"setIdx": 0,
			"iconIdx": 13
		},
		{
			"icon": {
				"paths": [
					"M832 960l192-512h-832l-192 512zM128 384l-128 576v-832h288l128 128h416v128z"
				],
				"tags": [
					"folder-open",
					"directory",
					"category",
					"browse"
				],
				"grid": 16
			},
			"properties": {
				"id": 47,
				"order": 100,
				"prevSize": 32,
				"code": 58927,
				"name": "folder-open",
				"ligatures": ""
			},
			"setIdx": 0,
			"iconIdx": 14
		},
		{
			"icon": {
				"paths": [
					"M927.812 0h-288.562c-52.906 0-126.796 30.606-164.204 68.014l-446.99 446.99c-37.408 37.408-37.408 98.624 0 136.032l344.91 344.906c37.408 37.41 98.622 37.41 136.030 0l446.99-446.988c37.408-37.41 68.014-111.302 68.014-164.204v-288.562c0-52.904-43.286-96.188-96.188-96.188zM800 320c-53.020 0-96-42.98-96-96s42.98-96 96-96 96 42.98 96 96-42.98 96-96 96z"
				],
				"tags": [
					"tag",
					"price"
				],
				"grid": 16
			},
			"properties": {
				"id": 48,
				"order": 98,
				"prevSize": 32,
				"code": 58928,
				"name": "tag",
				"ligatures": ""
			},
			"setIdx": 0,
			"iconIdx": 15
		},
		{
			"icon": {
				"paths": [
					"M992 64h-224c-52.8 0-126.546 30.546-163.882 67.882l-376.236 376.236c-37.334 37.334-37.334 98.428 0 135.764l280.236 280.234c37.334 37.336 98.428 37.336 135.764 0l376.234-376.234c37.338-37.336 67.884-111.082 67.884-163.882v-224c0-52.8-43.2-96-96-96zM864 384c-53.020 0-96-42.98-96-96s42.98-96 96-96 96 42.98 96 96-42.98 96-96 96zM86.626 598.626l342.378 342.378c-36.264 19.16-82.462 13.538-112.886-16.888l-280.236-280.234c-37.334-37.336-37.334-98.43 0-135.764l376.236-376.236c37.336-37.336 111.082-67.882 163.882-67.882l-489.374 489.372c-12.444 12.446-12.444 32.808 0 45.254z"
				],
				"width": 1088,
				"tags": [
					"tags",
					"prices"
				],
				"grid": 16
			},
			"properties": {
				"id": 49,
				"order": 99,
				"prevSize": 32,
				"code": 58929,
				"name": "tags",
				"ligatures": ""
			},
			"setIdx": 0,
			"iconIdx": 16
		},
		{
			"icon": {
				"paths": [
					"M0 128h128v640h-128zM192 128h64v640h-64zM320 128h64v640h-64zM512 128h64v640h-64zM768 128h64v640h-64zM960 128h64v640h-64zM640 128h32v640h-32zM448 128h32v640h-32zM864 128h32v640h-32zM0 832h64v64h-64zM192 832h64v64h-64zM320 832h64v64h-64zM640 832h64v64h-64zM960 832h64v64h-64zM768 832h128v64h-128zM448 832h128v64h-128z"
				],
				"tags": [
					"barcode",
					"price"
				],
				"grid": 16
			},
			"properties": {
				"id": 50,
				"order": 56,
				"prevSize": 32,
				"code": 58930,
				"name": "barcode",
				"ligatures": ""
			},
			"setIdx": 0,
			"iconIdx": 17
		},
		{
			"icon": {
				"paths": [
					"M320 64h-256v256h256v-256zM384 0v0 384h-384v-384h384zM128 128h128v128h-128zM960 64h-256v256h256v-256zM1024 0v0 384h-384v-384h384zM768 128h128v128h-128zM320 704h-256v256h256v-256zM384 640v0 384h-384v-384h384zM128 768h128v128h-128zM448 0h64v64h-64zM512 64h64v64h-64zM448 128h64v64h-64zM512 192h64v64h-64zM448 256h64v64h-64zM512 320h64v64h-64zM448 384h64v64h-64zM448 512h64v64h-64zM512 576h64v64h-64zM448 640h64v64h-64zM512 704h64v64h-64zM448 768h64v64h-64zM512 832h64v64h-64zM448 896h64v64h-64zM512 960h64v64h-64zM960 512h64v64h-64zM64 512h64v64h-64zM128 448h64v64h-64zM0 448h64v64h-64zM256 448h64v64h-64zM320 512h64v64h-64zM384 448h64v64h-64zM576 512h64v64h-64zM640 448h64v64h-64zM704 512h64v64h-64zM768 448h64v64h-64zM832 512h64v64h-64zM896 448h64v64h-64zM960 640h64v64h-64zM576 640h64v64h-64zM640 576h64v64h-64zM704 640h64v64h-64zM832 640h64v64h-64zM896 576h64v64h-64zM960 768h64v64h-64zM576 768h64v64h-64zM640 704h64v64h-64zM768 704h64v64h-64zM832 768h64v64h-64zM896 704h64v64h-64zM960 896h64v64h-64zM640 832h64v64h-64zM704 896h64v64h-64zM768 832h64v64h-64zM832 896h64v64h-64zM640 960h64v64h-64zM768 960h64v64h-64zM896 960h64v64h-64z"
				],
				"tags": [
					"qrcode",
					"price"
				],
				"grid": 16
			},
			"properties": {
				"id": 51,
				"order": 55,
				"prevSize": 32,
				"code": 58931,
				"name": "qrcode",
				"ligatures": ""
			},
			"setIdx": 0,
			"iconIdx": 18
		},
		{
			"icon": {
				"paths": [
					"M847.218 576c35.2 0 71.912-27.692 81.582-61.538l92.836-324.926c9.67-33.844-11.218-61.536-46.418-61.536h-655.218c0-70.692-57.308-128-128-128h-192v128h192v544c0 53.020 42.98 96 96 96h608c35.346 0 64-28.654 64-64s-28.654-64-64-64h-576v-64h527.218zM320 256h578.806l-54.858 192h-523.948v-192zM384 944c0 44-36 80-80 80h-32c-44 0-80-36-80-80v-32c0-44 36-80 80-80h32c44 0 80 36 80 80v32zM960 944c0 44-36 80-80 80h-32c-44 0-80-36-80-80v-32c0-44 36-80 80-80h32c44 0 80 36 80 80v32z"
				],
				"tags": [
					"cart",
					"ecommerce",
					"shopping",
					"products",
					"purchase",
					"buy",
					"store"
				],
				"grid": 16
			},
			"properties": {
				"id": 54,
				"order": 88,
				"prevSize": 32,
				"code": 58934,
				"name": "cart2",
				"ligatures": ""
			},
			"setIdx": 0,
			"iconIdx": 19
		},
		{
			"icon": {
				"paths": [
					"M480 64c-265.096 0-480 214.904-480 480 0 265.098 214.904 480 480 480 265.098 0 480-214.902 480-480 0-265.096-214.902-480-480-480zM480 928c-212.078 0-384-171.922-384-384s171.922-384 384-384c212.078 0 384 171.922 384 384 0 212.078-171.922 384-384 384zM512 512v-128h128v-64h-128v-64h-64v64h-128v256h128v128h-128v64h128v64h64v-64h128.002l-0.002-256h-128zM448 512h-64v-128h64v128zM576.002 704h-64.002v-128h64.002v128z"
				],
				"tags": [
					"coin",
					"money",
					"cash"
				],
				"grid": 16
			},
			"properties": {
				"id": 56,
				"order": 89,
				"prevSize": 32,
				"code": 58936,
				"name": "coin",
				"ligatures": ""
			},
			"setIdx": 0,
			"iconIdx": 20
		},
		{
			"icon": {
				"paths": [
					"M704 640c-64 64-64 128-128 128s-128-64-192-128-128-128-128-192 64-64 128-128-128-256-192-256-192 192-192 192c0 128 131.5 387.5 256 512s384 256 512 256c0 0 192-128 192-192s-192-256-256-192z"
				],
				"tags": [
					"phone",
					"contact",
					"telephone",
					"support",
					"call"
				],
				"grid": 16
			},
			"properties": {
				"id": 60,
				"order": 90,
				"prevSize": 32,
				"code": 58940,
				"name": "phone",
				"ligatures": ""
			},
			"setIdx": 0,
			"iconIdx": 21
		},
		{
			"icon": {
				"paths": [
					"M1017.378 575.994c8.004 55.482 13.216 131.392-11.664 160.446-41.142 48.044-301.712 48.044-301.712-48.042 0-48.398 42.856-80.134 1.712-128.178-40.472-47.262-113.026-48.030-193.714-48.042-80.686 0.012-153.242 0.78-193.714 48.042-41.142 48.046 1.714 79.78 1.714 128.178 0 96.086-260.57 96.086-301.714 48.044-24.878-29.054-19.668-104.964-11.662-160.446 6.16-37.038 21.724-76.996 71.548-127.994 0-0.002 0.002-0.002 0.002-0.004 74.738-69.742 187.846-126.738 429.826-127.968v-0.030c1.344 0 2.664 0.010 4 0.014 1.338-0.004 2.656-0.014 4-0.014v0.028c241.98 1.23 355.088 58.226 429.826 127.968 0.002 0.002 0.002 0.004 0.002 0.004 49.824 50.996 65.39 90.954 71.55 127.994z"
				],
				"tags": [
					"phone-hang-up",
					"contact",
					"telephone",
					"support",
					"call"
				],
				"grid": 16
			},
			"properties": {
				"id": 61,
				"order": 91,
				"prevSize": 32,
				"code": 58941,
				"name": "phone-hang-up",
				"ligatures": ""
			},
			"setIdx": 0,
			"iconIdx": 22
		},
		{
			"icon": {
				"paths": [
					"M960 256c35.346 0 64-28.654 64-64v-128h-128v-64h-832c-35.2 0-64 28.798-64 64v896c0 35.2 28.796 64 64 64h832v-256h64c35.346 0 64-28.654 64-64v-128h-128v-64h64c35.346 0 64-28.654 64-64v-128h-128v-64h64zM576 256.33c70.51 0 127.67 57.16 127.67 127.67s-57.16 127.67-127.67 127.67c-70.51 0-127.67-57.16-127.67-127.67s57.16-127.67 127.67-127.67zM256 960h-64v-896h64v896zM768 768h-384v-64c0-70.694 57.308-128 128-128v0h128c70.696 0 128 57.306 128 128v64z"
				],
				"tags": [
					"address-book",
					"book",
					"contacts"
				],
				"grid": 16
			},
			"properties": {
				"id": 62,
				"order": 92,
				"prevSize": 32,
				"code": 58942,
				"name": "address-book",
				"ligatures": ""
			},
			"setIdx": 0,
			"iconIdx": 23
		},
		{
			"icon": {
				"paths": [
					"M898.36 64h-770.36v128h-93.64c-17.6 0-34.36 12.528-34.36 30.128v64c0 17.6 16.76 33.872 34.36 33.872h93.64v64h-93.64c-17.6 0-34.36 12.528-34.36 30.128v64c0 17.6 16.76 33.872 34.36 33.872h93.64v64h-93.64c-17.6 0-34.36 12.528-34.36 30.128v64c0 17.598 16.76 33.872 34.36 33.872h93.64v64h-93.64c-17.6 0-34.36 12.528-34.36 30.128v64c0 17.6 16.76 33.872 34.36 33.872h93.64v128h770.36c35.348 0 61.64-30.526 61.64-65.872v-832c0-35.346-26.292-62.128-61.64-62.128zM320 960h-128v-64h34.36c17.6 0 29.64-16.272 29.64-33.872v-64c0-17.602-12.042-30.128-29.64-30.128h-34.36v-64h34.36c17.6 0 29.64-16.272 29.64-33.872v-64c0-17.602-12.042-30.128-29.64-30.128h-34.36v-64h34.36c17.6 0 29.64-16.272 29.64-33.872v-64c0-17.602-12.042-30.128-29.64-30.128l-34.36 0v-64h34.36c17.6 0 29.64-16.272 29.64-33.872v-64c0-17.602-12.040-30.128-29.64-30.128h-34.36v-64h128v832z"
				],
				"tags": [
					"notebook",
					"notes",
					"book",
					"journal"
				],
				"grid": 16
			},
			"properties": {
				"id": 63,
				"order": 93,
				"prevSize": 32,
				"code": 58943,
				"name": "notebook",
				"ligatures": ""
			},
			"setIdx": 0,
			"iconIdx": 24
		},
		{
			"icon": {
				"paths": [
					"M544 0l-96 96 96 96-224 256h-224l176 176-272 360.616v39.384h39.384l360.616-272 176 176v-224l256-224 96 96 96-96-480-480zM448 544l-64-64 224-224 64 64-224 224z"
				],
				"tags": [
					"pushpin",
					"pin"
				],
				"grid": 16
			},
			"properties": {
				"id": 65,
				"order": 121,
				"prevSize": 32,
				"code": 58945,
				"name": "pushpin",
				"ligatures": ""
			},
			"setIdx": 0,
			"iconIdx": 25
		},
		{
			"icon": {
				"paths": [
					"M512 0c-176.732 0-320 143.268-320 320 0 320 320 704 320 704s320-384 320-704c0-176.732-143.27-320-320-320zM512 512c-106.040 0-192-85.96-192-192s85.96-192 192-192 192 85.96 192 192-85.96 192-192 192z"
				],
				"tags": [
					"location",
					"map",
					"marker",
					"pin"
				],
				"grid": 16
			},
			"properties": {
				"id": 66,
				"order": 54,
				"prevSize": 32,
				"code": 58946,
				"name": "location",
				"ligatures": ""
			},
			"setIdx": 0,
			"iconIdx": 26
		},
		{
			"icon": {
				"paths": [
					"M512 0c-176.732 0-320 143.268-320 320 0 320 320 704 320 704s320-384 320-704c0-176.732-143.27-320-320-320zM512 516c-108.248 0-196-87.752-196-196s87.752-196 196-196 196 87.752 196 196-87.752 196-196 196zM388 320c0-68.483 55.517-124 124-124s124 55.517 124 124c0 68.483-55.517 124-124 124-68.483 0-124-55.517-124-124z"
				],
				"tags": [
					"location",
					"map",
					"marker",
					"pin"
				],
				"grid": 16
			},
			"properties": {
				"id": 67,
				"order": 53,
				"prevSize": 32,
				"code": 58947,
				"name": "location2",
				"ligatures": ""
			},
			"setIdx": 0,
			"iconIdx": 27
		},
		{
			"icon": {
				"paths": [
					"M512 128c-247.424 0-448 200.576-448 448s200.576 448 448 448 448-200.576 448-448-200.576-448-448-448zM512 936c-198.824 0-360-161.178-360-360 0-198.824 161.176-360 360-360 198.822 0 360 161.176 360 360 0 198.822-161.178 360-360 360zM934.784 287.174c16.042-28.052 25.216-60.542 25.216-95.174 0-106.040-85.96-192-192-192-61.818 0-116.802 29.222-151.92 74.596 131.884 27.236 245.206 105.198 318.704 212.578zM407.92 74.596c-35.116-45.374-90.102-74.596-151.92-74.596-106.040 0-192 85.96-192 192 0 34.632 9.174 67.122 25.216 95.174 73.5-107.38 186.822-185.342 318.704-212.578zM448 320h64v320h-64v-320zM512 576h192v64h-192v-64z"
				],
				"tags": [
					"alarm",
					"clock",
					"time"
				],
				"grid": 16
			},
			"properties": {
				"id": 75,
				"order": 119,
				"prevSize": 32,
				"code": 58955,
				"name": "alarm2",
				"ligatures": ""
			},
			"setIdx": 0,
			"iconIdx": 28
		},
		{
			"icon": {
				"paths": [
					"M1025.5 800c0-288-256-224-256-448 0-18.56-1.788-34.42-5.048-47.928-16.83-113.018-92.156-203.72-189.772-231.36 0.866-3.948 1.32-8.032 1.32-12.21-0-33.278-28.8-60.502-64-60.502-35.2 0-64 27.224-64 60.5 0 4.18 0.456 8.264 1.32 12.21-109.47 30.998-190.914 141.298-193.254 273.442-0.040 1.92-0.066 3.864-0.066 5.846-0 224.002-256 160.002-256 448.002 0 76.226 170.59 139.996 398.97 156.080 21.524 40.404 64.056 67.92 113.030 67.92s91.508-27.516 113.030-67.92c228.38-16.084 398.97-79.854 398.97-156.080 0-0.228-0.026-0.456-0.028-0.682l1.528 0.682zM826.246 854.096c-54.23 14.47-118.158 24.876-186.768 30.648-5.704-65.418-60.582-116.744-127.478-116.744s-121.774 51.326-127.478 116.744c-68.608-5.772-132.538-16.178-186.768-30.648-74.63-19.914-110.31-42.19-123.368-54.096 13.058-11.906 48.738-34.182 123.368-54.096 86.772-23.152 198.372-35.904 314.246-35.904s227.474 12.752 314.246 35.904c74.63 19.914 110.31 42.19 123.368 54.096-13.058 11.906-48.738 34.182-123.368 54.096z"
				],
				"tags": [
					"bell",
					"alarm",
					"notification"
				],
				"grid": 16
			},
			"properties": {
				"id": 76,
				"order": 120,
				"prevSize": 32,
				"code": 58956,
				"name": "bell",
				"ligatures": ""
			},
			"setIdx": 0,
			"iconIdx": 29
		},
		{
			"icon": {
				"paths": [
					"M896 0h-896v1024h1024v-896l-128-128zM512 128h128v256h-128v-256zM896 896h-768v-768h64v320h576v-320h74.978l53.022 53.018v714.982z"
				],
				"tags": [
					"disk",
					"save",
					"floppy"
				],
				"grid": 16
			},
			"properties": {
				"id": 96,
				"order": 94,
				"prevSize": 32,
				"code": 58976,
				"name": "disk",
				"ligatures": ""
			},
			"setIdx": 0,
			"iconIdx": 30
		},
		{
			"icon": {
				"paths": [
					"M761.862 1024c113.726-206.032 132.888-520.306-313.862-509.824v253.824l-384-384 384-384v248.372c534.962-13.942 594.57 472.214 313.862 775.628z"
				],
				"tags": [
					"undo",
					"arrow",
					"left"
				],
				"grid": 16
			},
			"properties": {
				"id": 102,
				"order": 115,
				"prevSize": 32,
				"code": 58982,
				"name": "undo2",
				"ligatures": ""
			},
			"setIdx": 0,
			"iconIdx": 31
		},
		{
			"icon": {
				"paths": [
					"M576 248.372v-248.372l384 384-384 384v-253.824c-446.75-10.482-427.588 303.792-313.86 509.824-280.712-303.414-221.1-789.57 313.86-775.628z"
				],
				"tags": [
					"redo",
					"arrow",
					"right"
				],
				"grid": 16
			},
			"properties": {
				"id": 103,
				"order": 116,
				"prevSize": 32,
				"code": 58983,
				"name": "redo2",
				"ligatures": ""
			},
			"setIdx": 0,
			"iconIdx": 32
		},
		{
			"icon": {
				"paths": [
					"M262.14 0c-113.728 206.032-132.89 520.304 313.86 509.824v-253.824l384 384-384 384v-248.372c-534.96 13.942-594.572-472.214-313.86-775.628z"
				],
				"tags": [
					"forward",
					"arrow",
					"right"
				],
				"grid": 16
			},
			"properties": {
				"id": 104,
				"order": 117,
				"prevSize": 32,
				"code": 58984,
				"name": "forward",
				"ligatures": ""
			},
			"setIdx": 0,
			"iconIdx": 33
		},
		{
			"icon": {
				"paths": [
					"M448 775.628v248.372l-384-384 384-384v253.824c446.75 10.48 427.588-303.792 313.862-509.824 280.71 303.414 221.1 789.57-313.862 775.628z"
				],
				"tags": [
					"reply",
					"arrow",
					"left"
				],
				"grid": 16
			},
			"properties": {
				"id": 105,
				"order": 118,
				"prevSize": 32,
				"code": 58985,
				"name": "reply",
				"ligatures": ""
			},
			"setIdx": 0,
			"iconIdx": 34
		},
		{
			"icon": {
				"paths": [
					"M512 192c-54.932 0-107.988 8.662-157.694 25.742-46.712 16.054-88.306 38.744-123.628 67.444-66.214 53.798-102.678 122.984-102.678 194.814 0 40.298 11.188 79.378 33.252 116.152 22.752 37.92 56.982 72.586 98.988 100.252 30.356 19.992 50.78 51.948 56.176 87.894 1.8 11.984 2.928 24.088 3.37 36.124 7.47-6.194 14.75-12.846 21.88-19.976 24.154-24.152 56.78-37.49 90.502-37.49 5.368 0 10.762 0.336 16.156 1.024 20.974 2.666 42.398 4.020 63.676 4.020 54.934 0 107.988-8.66 157.694-25.742 46.712-16.054 88.306-38.744 123.628-67.444 66.214-53.796 102.678-122.984 102.678-194.814 0-71.83-36.464-141.016-102.678-194.814-35.322-28.698-76.916-51.39-123.628-67.444-49.706-17.080-102.76-25.742-157.694-25.742zM512 64v0c282.77 0 512 186.25 512 416 0 229.752-229.23 416-512 416-27.156 0-53.81-1.734-79.824-5.044-109.978 109.978-241.25 129.7-368.176 132.596v-26.916c68.536-33.578 128-94.74 128-164.636 0-9.754-0.758-19.33-2.164-28.696-115.796-76.264-189.836-192.754-189.836-323.304 0-229.75 229.23-416 512-416z"
				],
				"tags": [
					"bubble",
					"comment",
					"chat",
					"talk"
				],
				"grid": 16
			},
			"properties": {
				"id": 109,
				"order": 61,
				"prevSize": 32,
				"code": 58989,
				"name": "bubble2",
				"ligatures": ""
			},
			"setIdx": 0,
			"iconIdx": 35
		},
		{
			"icon": {
				"paths": [
					"M1088 901.166c0 45.5 26.028 84.908 64 104.184v15.938c-10.626 1.454-21.472 2.224-32.5 2.224-68.008 0-129.348-28.528-172.722-74.264-26.222 6.982-54.002 10.752-82.778 10.752-159.058 0-288-114.616-288-256 0-141.384 128.942-256 288-256 159.058 0 288 114.616 288 256 0 55.348-19.764 106.592-53.356 148.466-6.824 14.824-10.644 31.312-10.644 48.7zM230.678 221.186c-66.214 53.798-102.678 122.984-102.678 194.814 0 40.298 11.188 79.378 33.252 116.15 22.752 37.92 56.982 72.586 98.988 100.252 30.356 19.992 50.78 51.948 56.176 87.894 1.8 11.984 2.928 24.088 3.37 36.124 7.47-6.194 14.75-12.846 21.88-19.976 24.154-24.152 56.78-37.49 90.502-37.49 5.368 0 10.762 0.336 16.156 1.024 20.948 2.662 42.344 4.016 63.594 4.020v128c-27.128-0.002-53.754-1.738-79.742-5.042-109.978 109.978-241.25 129.7-368.176 132.596v-26.916c68.536-33.578 128-94.74 128-164.636 0-9.754-0.758-19.33-2.164-28.696-115.796-76.264-189.836-192.754-189.836-323.304 0-229.75 229.23-416 512-416 278.458 0 504.992 180.614 511.836 405.52-41.096-18.316-85.84-29.422-132.262-32.578-11.53-56.068-45.402-108.816-98.252-151.756-35.322-28.698-76.916-51.39-123.628-67.444-49.706-17.080-102.76-25.742-157.694-25.742-54.932 0-107.988 8.662-157.694 25.742-46.712 16.054-88.306 38.744-123.628 67.444z"
				],
				"width": 1152,
				"tags": [
					"bubbles",
					"comments",
					"chat",
					"talk"
				],
				"grid": 16
			},
			"properties": {
				"id": 110,
				"order": 60,
				"prevSize": 32,
				"code": 58990,
				"name": "bubbles3",
				"ligatures": ""
			},
			"setIdx": 0,
			"iconIdx": 36
		},
		{
			"icon": {
				"paths": [
					"M480 128c-50.666 0-99.582 7.95-145.386 23.628-42.924 14.694-81.114 35.436-113.502 61.646-60.044 48.59-93.112 110.802-93.112 175.174 0 35.99 10.066 70.948 29.92 103.898 20.686 34.34 51.898 65.794 90.26 90.958 30.44 19.968 50.936 51.952 56.362 87.95 0.902 5.99 1.63 12.006 2.18 18.032 2.722-2.52 5.424-5.114 8.114-7.794 24.138-24.040 56.688-37.312 90.322-37.312 5.348 0 10.718 0.336 16.094 1.018 19.36 2.452 39.124 3.696 58.748 3.696 50.666 0 99.58-7.948 145.384-23.628 42.926-14.692 81.116-35.434 113.504-61.644 60.046-48.59 93.112-110.802 93.112-175.174 0-64.372-33.066-126.582-93.112-175.174-32.388-26.212-70.578-46.952-113.504-61.646-45.804-15.678-94.718-23.628-145.384-23.628zM480 0v0c265.096 0 480 173.914 480 388.448s-214.904 388.448-480 388.448c-25.458 0-50.446-1.62-74.834-4.71-103.106 102.694-222.172 121.108-341.166 123.814v-25.134c64.252-31.354 116-88.466 116-153.734 0-9.106-0.712-18.048-2.030-26.794-108.558-71.214-177.97-179.988-177.97-301.89 0-214.534 214.904-388.448 480-388.448zM996 870.686c0 55.942 36.314 104.898 92 131.772v21.542c-103.126-2.318-197.786-18.102-287.142-106.126-21.14 2.65-42.794 4.040-64.858 4.040-95.47 0-183.408-25.758-253.614-69.040 144.674-0.506 281.26-46.854 384.834-130.672 52.208-42.252 93.394-91.826 122.414-147.348 30.766-58.866 46.366-121.582 46.366-186.406 0-10.448-0.45-20.836-1.258-31.168 72.57 59.934 117.258 141.622 117.258 231.676 0 104.488-60.158 197.722-154.24 258.764-1.142 7.496-1.76 15.16-1.76 22.966z"
				],
				"width": 1152,
				"tags": [
					"bubbles",
					"comments",
					"chat",
					"talk"
				],
				"grid": 16
			},
			"properties": {
				"id": 111,
				"order": 59,
				"prevSize": 32,
				"code": 58991,
				"name": "bubbles4",
				"ligatures": ""
			},
			"setIdx": 0,
			"iconIdx": 37
		},
		{
			"icon": {
				"paths": [
					"M622.826 702.736c-22.11-3.518-22.614-64.314-22.614-64.314s64.968-64.316 79.128-150.802c38.090 0 61.618-91.946 23.522-124.296 1.59-34.054 48.96-267.324-190.862-267.324-239.822 0-192.45 233.27-190.864 267.324-38.094 32.35-14.57 124.296 23.522 124.296 14.158 86.486 79.128 150.802 79.128 150.802s-0.504 60.796-22.614 64.314c-71.22 11.332-337.172 128.634-337.172 257.264h896c0-128.63-265.952-245.932-337.174-257.264z"
				],
				"tags": [
					"user",
					"profile",
					"avatar",
					"person",
					"talk",
					"member"
				],
				"grid": 16
			},
			"properties": {
				"id": 112,
				"order": 58,
				"prevSize": 32,
				"code": 58992,
				"name": "user",
				"ligatures": ""
			},
			"setIdx": 0,
			"iconIdx": 38
		},
		{
			"icon": {
				"paths": [
					"M734.994 805.374c-18.952-2.988-19.384-54.654-19.384-54.654s55.688-54.656 67.824-128.152c32.652 0 52.814-78.138 20.164-105.628 1.362-28.94 41.968-227.176-163.598-227.176-205.564 0-164.958 198.236-163.598 227.176-32.654 27.49-12.488 105.628 20.162 105.628 12.134 73.496 67.826 128.152 67.826 128.152s-0.432 51.666-19.384 54.654c-61.048 9.632-289.006 109.316-289.006 218.626h768c0-109.31-227.958-208.994-289.006-218.626zM344.054 822.81c44.094-27.15 97.626-52.308 141.538-67.424-15.752-22.432-33.294-52.936-44.33-89.062-15.406-12.566-27.944-30.532-35.998-52.602-8.066-22.104-11.122-46.852-8.608-69.684 1.804-16.392 6.478-31.666 13.65-45.088-4.35-46.586-7.414-138.034 52.448-204.732 23.214-25.866 52.556-44.46 87.7-55.686-6.274-64.76-39.16-140.77-166.454-140.77-205.564 0-164.958 198.236-163.598 227.176-32.654 27.49-12.488 105.628 20.162 105.628 12.134 73.496 67.826 128.152 67.826 128.152s-0.432 51.666-19.384 54.654c-61.048 9.634-289.006 109.318-289.006 218.628h329.596c4.71-3.074 9.506-6.14 14.458-9.19z"
				],
				"tags": [
					"users",
					"people",
					"group",
					"team",
					"members",
					"community"
				],
				"grid": 16
			},
			"properties": {
				"id": 113,
				"order": 57,
				"prevSize": 32,
				"code": 58993,
				"name": "users",
				"ligatures": ""
			},
			"setIdx": 0,
			"iconIdx": 39
		},
		{
			"icon": {
				"paths": [
					"M848 1024h-672c-26.51 0-48-21.49-48-48 0-68.862 29.068-152.204 77.758-222.942 40.692-59.118 90.684-103.62 144.678-129.61-23.798-21.644-44.294-48.026-60.508-78.122-26-48.262-39.746-104.048-39.746-161.328 0-79.606 26.204-154.822 73.786-211.79 49.664-59.46 116.442-92.208 188.032-92.208s138.368 32.748 188.034 92.21c47.58 56.968 73.786 132.182 73.786 211.79 0 57.28-13.744 113.066-39.744 161.328-16.214 30.096-36.71 56.478-60.51 78.122 53.994 25.99 103.986 70.492 144.678 129.61 48.688 70.736 77.756 154.078 77.756 222.94 0 26.51-21.49 48-48 48zM230.074 928h563.852c-9.226-39.34-28.52-82.384-54.762-120.51-41.454-60.226-93.176-99.622-145.638-110.926-22.106-4.764-37.888-24.31-37.888-46.924v-34.292c0-17.26 9.266-33.19 24.27-41.722 59.478-33.832 97.912-108.266 97.912-189.626 0-114.692-74.384-208-165.818-208-91.432 0-165.818 93.308-165.818 208 0 81.36 38.434 155.792 97.914 189.626 15.002 8.534 24.268 24.462 24.268 41.722v34.292c0 22.614-15.784 42.16-37.888 46.924-52.462 11.304-104.184 50.7-145.64 110.926-26.246 38.126-45.536 81.17-54.764 120.51z"
				],
				"tags": [
					"user",
					"profile",
					"avatar",
					"person",
					"talk",
					"member"
				],
				"grid": 16
			},
			"properties": {
				"id": 114,
				"order": 62,
				"prevSize": 32,
				"code": 58994,
				"name": "user2",
				"ligatures": ""
			},
			"setIdx": 0,
			"iconIdx": 40
		},
		{
			"icon": {
				"paths": [
					"M976 1024h-672c-26.51 0-48-21.49-48-48 0-68.862 29.068-152.204 77.758-222.942 40.692-59.118 90.684-103.62 144.678-129.61-23.798-21.644-44.294-48.026-60.508-78.122-26-48.262-39.746-104.048-39.746-161.328 0-79.606 26.204-154.822 73.786-211.79 49.664-59.46 116.442-92.208 188.032-92.208s138.368 32.748 188.034 92.21c47.58 56.968 73.786 132.182 73.786 211.79 0 57.28-13.744 113.066-39.744 161.328-16.214 30.096-36.71 56.478-60.51 78.122 53.994 25.99 103.986 70.492 144.678 129.61 48.688 70.736 77.756 154.078 77.756 222.94 0 26.51-21.49 48-48 48zM358.074 928h563.852c-9.226-39.34-28.52-82.384-54.762-120.51-41.454-60.226-93.176-99.622-145.638-110.926-22.106-4.764-37.888-24.31-37.888-46.924v-34.292c0-17.26 9.266-33.19 24.27-41.722 59.478-33.832 97.912-108.266 97.912-189.626 0-114.692-74.384-208-165.818-208s-165.818 93.308-165.818 208c0 81.36 38.434 155.792 97.914 189.626 15.002 8.534 24.268 24.462 24.268 41.722v34.292c0 22.614-15.784 42.16-37.888 46.924-52.462 11.304-104.184 50.7-145.64 110.926-26.246 38.126-45.536 81.17-54.764 120.51zM197.114 864h-95.040c9.228-39.34 28.518-82.384 54.76-120.51 41.456-60.226 93.178-99.622 145.64-110.926 22.106-4.764 37.888-24.31 37.888-46.924v-34.292c0-17.26-9.266-33.19-24.268-41.722-59.48-33.834-97.914-108.266-97.914-189.626 0-114.692 74.384-208 165.818-208 6.254 0 12.426 0.452 18.502 1.302 26.358-29.334 56.234-53.174 88.642-71.004-33.192-17.232-69.5-26.298-107.142-26.298-71.59 0-138.368 32.748-188.034 92.21-47.58 56.968-73.784 132.184-73.784 211.79 0 57.28 13.744 113.066 39.746 161.328 16.214 30.096 36.71 56.476 60.508 78.122-53.994 25.99-103.986 70.492-144.678 129.61-48.69 70.736-77.758 154.078-77.758 222.94 0 26.51 21.49 48 48 48h132.386c1.476-31.026 7.198-63.412 16.728-96z"
				],
				"tags": [
					"users",
					"people",
					"group",
					"team",
					"members",
					"community"
				],
				"grid": 16
			},
			"properties": {
				"id": 115,
				"order": 63,
				"prevSize": 32,
				"code": 58995,
				"name": "users2",
				"ligatures": ""
			},
			"setIdx": 0,
			"iconIdx": 41
		},
		{
			"icon": {
				"paths": [
					"M256 320c0-141.385 114.615-256 256-256s256 114.615 256 256c0 141.385-114.615 256-256 256-141.385 0-256-114.615-256-256zM768 640h-512c-141.384 0-256 114.618-256 256v64h1024v-64c0-141.382-114.616-256-256-256z"
				],
				"tags": [
					"user",
					"profile",
					"avatar",
					"person",
					"talk",
					"member"
				],
				"grid": 16
			},
			"properties": {
				"id": 116,
				"order": 64,
				"prevSize": 32,
				"code": 58996,
				"name": "user3",
				"ligatures": ""
			},
			"setIdx": 0,
			"iconIdx": 42
		},
		{
			"icon": {
				"paths": [
					"M320 192c0-106.039 85.961-192 192-192 106.039 0 192 85.961 192 192 0 106.039-85.961 192-192 192-106.039 0-192-85.961-192-192zM768.078 448h-35.424l-199.104 404.244 74.45-372.244-96-96-96 96 74.45 372.244-199.102-404.244h-35.424c-127.924 0-127.924 85.986-127.924 192v320h768v-320c0-106.014 0-192-127.922-192z"
				],
				"tags": [
					"user",
					"profile",
					"avatar",
					"person",
					"talk",
					"member",
					"employee",
					"job",
					"official"
				],
				"grid": 16
			},
			"properties": {
				"id": 117,
				"order": 65,
				"prevSize": 32,
				"code": 58997,
				"name": "user4",
				"ligatures": ""
			},
			"setIdx": 0,
			"iconIdx": 43
		},
		{
			"icon": {
				"paths": [
					"M728.992 512c137.754-87.334 231.008-255.208 231.008-448 0-21.676-1.192-43.034-3.478-64h-889.042c-2.29 20.968-3.48 42.326-3.48 64 0 192.792 93.254 360.666 231.006 448-137.752 87.334-231.006 255.208-231.006 448 0 21.676 1.19 43.034 3.478 64h889.042c2.288-20.966 3.478-42.324 3.478-64 0.002-192.792-93.252-360.666-231.006-448zM160 960c0-186.912 80.162-345.414 224-397.708v-100.586 0c-143.838-52.29-224-210.792-224-397.706v0h704c0 186.914-80.162 345.416-224 397.706v100.586c143.838 52.294 224 210.796 224 397.708h-704zM619.626 669.594c-71.654-40.644-75.608-93.368-75.626-125.366v-64.228c0-31.994 3.804-84.914 75.744-125.664 38.504-22.364 71.808-56.348 97.048-98.336h-409.582c25.266 42.032 58.612 76.042 97.166 98.406 71.654 40.644 75.606 93.366 75.626 125.366l0 64.228c0 31.992-3.804 84.914-75.744 125.664-72.622 42.18-126.738 125.684-143.090 226.336h501.67c-16.364-100.708-70.53-184.248-143.212-226.406z"
				],
				"tags": [
					"busy",
					"wait",
					"loading",
					"hour glass"
				],
				"grid": 16
			},
			"properties": {
				"id": 119,
				"order": 125,
				"prevSize": 32,
				"code": 58999,
				"name": "busy",
				"ligatures": ""
			},
			"setIdx": 0,
			"iconIdx": 44
		},
		{
			"icon": {
				"paths": [
					"M992.262 871.396l-242.552-206.294c-25.074-22.566-51.89-32.926-73.552-31.926 57.256-67.068 91.842-154.078 91.842-249.176 0-212.078-171.922-384-384-384-212.076 0-384 171.922-384 384 0 212.078 171.922 384 384 384 95.098 0 182.108-34.586 249.176-91.844-1 21.662 9.36 48.478 31.926 73.552l206.294 242.552c35.322 39.246 93.022 42.554 128.22 7.356s31.892-92.898-7.354-128.22zM384 640c-141.384 0-256-114.616-256-256s114.616-256 256-256 256 114.616 256 256-114.614 256-256 256z"
				],
				"tags": [
					"search",
					"magnifier",
					"lookup",
					"find"
				],
				"grid": 16
			},
			"properties": {
				"id": 127,
				"order": 97,
				"prevSize": 32,
				"code": 59007,
				"name": "search",
				"ligatures": ""
			},
			"setIdx": 0,
			"iconIdx": 45
		},
		{
			"icon": {
				"paths": [
					"M448 128v-16c0-26.4-21.6-48-48-48h-160c-26.4 0-48 21.6-48 48v16h-192v128h192v16c0 26.4 21.6 48 48 48h160c26.4 0 48-21.6 48-48v-16h576v-128h-576zM256 256v-128h128v128h-128zM832 432c0-26.4-21.6-48-48-48h-160c-26.4 0-48 21.6-48 48v16h-576v128h576v16c0 26.4 21.6 48 48 48h160c26.4 0 48-21.6 48-48v-16h192v-128h-192v-16zM640 576v-128h128v128h-128zM448 752c0-26.4-21.6-48-48-48h-160c-26.4 0-48 21.6-48 48v16h-192v128h192v16c0 26.4 21.6 48 48 48h160c26.4 0 48-21.6 48-48v-16h576v-128h-576v-16zM256 896v-128h128v128h-128z"
				],
				"tags": [
					"settings",
					"preferences",
					"options"
				],
				"grid": 16
			},
			"properties": {
				"id": 140,
				"order": 96,
				"prevSize": 32,
				"code": 59020,
				"name": "settings",
				"ligatures": ""
			},
			"setIdx": 0,
			"iconIdx": 46
		},
		{
			"icon": {
				"paths": [
					"M896 448h16c26.4 0 48-21.6 48-48v-160c0-26.4-21.6-48-48-48h-16v-192h-128v192h-16c-26.4 0-48 21.6-48 48v160c0 26.4 21.6 48 48 48h16v576h128v-576zM768 256h128v128h-128v-128zM592 832c26.4 0 48-21.6 48-48v-160c0-26.4-21.6-48-48-48h-16v-576h-128v576h-16c-26.4 0-48 21.6-48 48v160c0 26.4 21.6 48 48 48h16v192h128v-192h16zM448 640h128v128h-128v-128zM272 448c26.4 0 48-21.6 48-48v-160c0-26.4-21.6-48-48-48h-16v-192h-128v192h-16c-26.4 0-48 21.6-48 48v160c0 26.4 21.6 48 48 48h16v576h128v-576h16zM128 256h128v128h-128v-128z"
				],
				"tags": [
					"equalizer",
					"control",
					"options",
					"settings",
					"dashboard"
				],
				"grid": 16
			},
			"properties": {
				"id": 141,
				"order": 95,
				"prevSize": 32,
				"code": 59021,
				"name": "equalizer",
				"ligatures": ""
			},
			"setIdx": 0,
			"iconIdx": 47
		},
		{
			"icon": {
				"paths": [
					"M1024 608.094v-192.188l-146.774-24.462c-5.958-18.132-13.222-35.668-21.694-52.5l86.454-121.034-135.896-135.898-120.826 86.304c-16.91-8.554-34.538-15.888-52.768-21.902l-24.402-146.414h-192.188l-24.402 146.416c-18.23 6.014-35.858 13.348-52.766 21.902l-120.828-86.304-135.898 135.898 86.454 121.036c-8.47 16.83-15.734 34.366-21.692 52.498l-146.774 24.46v192.188l147.118 24.52c5.96 17.968 13.21 35.348 21.642 52.030l-86.748 121.448 135.898 135.896 121.654-86.894c16.602 8.35 33.89 15.528 51.764 21.434l24.578 147.472h192.188l24.578-147.474c17.874-5.906 35.162-13.084 51.766-21.432l121.652 86.892 135.896-135.896-86.744-121.446c8.432-16.682 15.678-34.062 21.64-52.032l147.118-24.518zM512 640c-70.692 0-128-57.306-128-128 0-70.692 57.308-128 128-128 70.694 0 128 57.308 128 128 0 70.694-57.306 128-128 128z"
				],
				"tags": [
					"cog",
					"preferences",
					"settings",
					"gear",
					"generate",
					"control",
					"options"
				],
				"grid": 16
			},
			"properties": {
				"id": 144,
				"order": 66,
				"prevSize": 32,
				"code": 59024,
				"name": "cog2",
				"ligatures": ""
			},
			"setIdx": 0,
			"iconIdx": 48
		},
		{
			"icon": {
				"paths": [
					"M800 128h-576c-53.020 0-96 42.98-96 96v32h768v-32c0-53.020-42.98-96-96-96zM632.32 64l14.116 101h-268.872l14.114-101h240.642M640 0h-256c-26.4 0-50.99 21.392-54.642 47.538l-18.714 133.924c-3.654 26.146 14.956 47.538 41.356 47.538h320c26.4 0 45.010-21.392 41.358-47.538l-18.714-133.924c-3.654-26.146-28.244-47.538-54.644-47.538v0zM816 320h-608c-35.2 0-61.392 28.682-58.206 63.738l52.412 576.526c3.186 35.054 34.594 63.736 69.794 63.736h480c35.2 0 66.608-28.682 69.794-63.736l52.41-576.526c3.188-35.056-23.004-63.738-58.204-63.738zM384 896h-96l-32-448h128v448zM576 896h-128v-448h128v448zM736 896h-96v-448h128l-32 448z"
				],
				"tags": [
					"remove",
					"delete",
					"trashcan",
					"recycle bin",
					"bin",
					"dispose"
				],
				"grid": 16
			},
			"properties": {
				"id": 168,
				"order": 67,
				"prevSize": 32,
				"code": 59048,
				"name": "remove2",
				"ligatures": ""
			},
			"setIdx": 0,
			"iconIdx": 49
		},
		{
			"icon": {
				"paths": [
					"M960 256h-256v-64c0-35.2-28.8-64-64-64h-256c-35.204 0-64 28.8-64 64v64h-256c-35.2 0-64 28.8-64 64v576c0 35.202 28.796 64 64 64h896c35.2 0 64-28.798 64-64v-576c0-35.2-28.8-64-64-64zM384 192.116c0.034-0.040 0.074-0.082 0.114-0.116h255.772c0.042 0.034 0.082 0.076 0.118 0.116v63.884h-256.004v-63.884zM960 512h-128v96c0 17.602-14.4 32-32 32h-64c-17.604 0-32-14.398-32-32v-96h-384v96c0 17.602-14.4 32-32 32h-64c-17.602 0-32-14.398-32-32v-96h-128v-64h896v64z"
				],
				"tags": [
					"briefcase",
					"portfolio",
					"suitcase",
					"work",
					"job",
					"employee"
				],
				"grid": 16
			},
			"properties": {
				"id": 169,
				"order": 87,
				"prevSize": 32,
				"code": 59049,
				"name": "briefcase",
				"ligatures": ""
			},
			"setIdx": 0,
			"iconIdx": 50
		},
		{
			"icon": {
				"paths": [
					"M640 146.588v135.958c36.206 15.804 69.5 38.408 98.274 67.18 60.442 60.44 93.726 140.8 93.726 226.274s-33.286 165.834-93.726 226.274c-60.44 60.44-140.798 93.726-226.274 93.726s-165.834-33.286-226.274-93.726c-60.44-60.44-93.726-140.8-93.726-226.274s33.286-165.834 93.726-226.274c28.774-28.774 62.068-51.378 98.274-67.182v-135.956c-185.048 55.080-320 226.472-320 429.412 0 247.424 200.578 448 448 448 247.424 0 448-200.576 448-448 0-202.94-134.95-374.332-320-429.412zM448 0h128v512h-128z"
				],
				"tags": [
					"switch",
					"power",
					"turn off",
					"off",
					"shutdown"
				],
				"grid": 16
			},
			"properties": {
				"id": 177,
				"order": 104,
				"prevSize": 32,
				"code": 59057,
				"name": "switch",
				"ligatures": ""
			},
			"setIdx": 0,
			"iconIdx": 51
		},
		{
			"icon": {
				"paths": [
					"M192 0v1024l320-320 320 320v-1024z"
				],
				"tags": [
					"bookmark",
					"ribbon"
				],
				"grid": 16
			},
			"properties": {
				"id": 201,
				"order": 113,
				"prevSize": 32,
				"code": 59081,
				"name": "bookmark",
				"ligatures": ""
			},
			"setIdx": 0,
			"iconIdx": 52
		},
		{
			"icon": {
				"paths": [
					"M256 128v896l320-320 320 320v-896zM768 0h-640v896l64-64v-768h576z"
				],
				"tags": [
					"bookmarks",
					"favorite",
					"ribbon"
				],
				"grid": 16
			},
			"properties": {
				"id": 202,
				"order": 114,
				"prevSize": 32,
				"code": 59082,
				"name": "bookmarks",
				"ligatures": ""
			},
			"setIdx": 0,
			"iconIdx": 53
		},
		{
			"icon": {
				"paths": [
					"M1024 397.050l-353.78-51.408-158.22-320.582-158.216 320.582-353.784 51.408 256 249.538-60.432 352.352 316.432-166.358 316.432 166.358-60.434-352.352 256.002-249.538zM512 753.498l-223.462 117.48 42.676-248.83-180.786-176.222 249.84-36.304 111.732-226.396 111.736 226.396 249.836 36.304-180.788 176.222 42.678 248.83-223.462-117.48z"
				],
				"tags": [
					"star",
					"rate",
					"favorite",
					"bookmark"
				],
				"grid": 16
			},
			"properties": {
				"id": 206,
				"order": 81,
				"prevSize": 32,
				"code": 59086,
				"name": "star",
				"ligatures": ""
			},
			"setIdx": 0,
			"iconIdx": 54
		},
		{
			"icon": {
				"paths": [
					"M1024 397.050l-353.78-51.408-158.22-320.582-158.216 320.582-353.784 51.408 256 249.538-60.432 352.352 316.432-166.358 316.432 166.358-60.434-352.352 256.002-249.538zM512 753.498l-0.942 0.496 0.942-570.768 111.736 226.396 249.836 36.304-180.788 176.222 42.678 248.83-223.462-117.48z"
				],
				"tags": [
					"star",
					"rate",
					"half"
				],
				"grid": 16
			},
			"properties": {
				"id": 207,
				"order": 80,
				"prevSize": 32,
				"code": 59087,
				"name": "star2",
				"ligatures": ""
			},
			"setIdx": 0,
			"iconIdx": 55
		},
		{
			"icon": {
				"paths": [
					"M1024 397.050l-353.78-51.408-158.22-320.582-158.216 320.582-353.784 51.408 256 249.538-60.432 352.352 316.432-166.358 316.432 166.358-60.434-352.352 256.002-249.538z"
				],
				"tags": [
					"star",
					"rate",
					"favorite",
					"bookmark"
				],
				"grid": 16
			},
			"properties": {
				"id": 208,
				"order": 82,
				"prevSize": 32,
				"code": 59088,
				"name": "star3",
				"ligatures": ""
			},
			"setIdx": 0,
			"iconIdx": 56
		},
		{
			"icon": {
				"paths": [
					"M1024 358.156c0 86.362-37.218 164.030-96.49 217.844h0.49l-320 320c-32 32-64 64-96 64s-64-32-96-64l-319.51-320c-59.272-53.814-96.49-131.482-96.49-217.844 0-162.458 131.698-294.156 294.156-294.156 86.362 0 164.030 37.218 217.844 96.49 53.814-59.272 131.482-96.49 217.844-96.49 162.456 0 294.156 131.698 294.156 294.156z"
				],
				"tags": [
					"heart",
					"like",
					"love",
					"favorite"
				],
				"grid": 16
			},
			"properties": {
				"id": 209,
				"order": 83,
				"prevSize": 32,
				"code": 59089,
				"name": "heart",
				"ligatures": ""
			},
			"setIdx": 0,
			"iconIdx": 57
		},
		{
			"icon": {
				"paths": [
					"M1024 358.156c0-162.458-131.7-294.156-294.156-294.156-86.362 0-164.030 37.218-217.844 96.49-53.814-59.272-131.482-96.49-217.844-96.49-162.458 0-294.156 131.698-294.156 294.156 0 86.362 37.218 164.030 96.49 217.844h-0.49l320 320c32 32 64 64 96 64s64-32 96-64l319.51-320c59.272-53.814 96.49-131.482 96.49-217.844zM841.468 481.232l-323.978 324.258c-1.678 1.678-3.532 3.532-5.49 5.48-1.96-1.95-3.814-3.802-5.49-5.48l-323.978-324.256c-35.166-31.928-54.532-75.638-54.532-123.078 0-91.618 74.538-166.156 166.156-166.156 47.44 0 91.15 19.366 123.076 54.532l94.768 104.38 94.768-104.378c31.928-35.168 75.636-54.534 123.076-54.534 91.618 0 166.156 74.538 166.156 166.156 0 47.44-19.368 91.15-54.532 123.076z"
				],
				"tags": [
					"heart",
					"like",
					"love",
					"favorite"
				],
				"grid": 16
			},
			"properties": {
				"id": 210,
				"order": 84,
				"prevSize": 32,
				"code": 59090,
				"name": "heart2",
				"ligatures": ""
			},
			"setIdx": 0,
			"iconIdx": 58
		},
		{
			"icon": {
				"paths": [
					"M928 576c73 0 32 192-32 192 32 0 0 160-64 160 0 64-64 96-128 96-270.352 0-175.264-67.65-448-96v-512c240.922-72.268 480-253.424 480-416 53 0 192 64 0 384 0 0 160 0 192 0 96 0 64 192 0 192zM192 416v512h64v32h-128c-35.2 0-64-43.2-64-96v-384c0-52.8 28.8-96 64-96h128v32h-64z"
				],
				"tags": [
					"thumbs-up",
					"up",
					"like",
					"rate",
					"vote up"
				],
				"grid": 16
			},
			"properties": {
				"id": 212,
				"order": 85,
				"prevSize": 32,
				"code": 59092,
				"name": "thumbs-up",
				"ligatures": ""
			},
			"setIdx": 0,
			"iconIdx": 59
		},
		{
			"icon": {
				"paths": [
					"M96 448c-73 0-32-192 32-192-32 0 0-160 64-160 0-64 64-96 128-96 270.352 0 175.264 67.65 448 96v512c-240.922 72.268-480 253.424-480 416-53 0-192-64 0-384 0 0-160 0-192 0-96 0-64-192 0-192zM832 608v-512h-64v-32h128c35.2 0 64 43.2 64 96v384c0 52.8-28.8 96-64 96h-128v-32h64z"
				],
				"tags": [
					"thumbs-up",
					"up",
					"like",
					"rate",
					"vote down"
				],
				"grid": 16
			},
			"properties": {
				"id": 213,
				"order": 86,
				"prevSize": 32,
				"code": 59093,
				"name": "thumbs-up2",
				"ligatures": ""
			},
			"setIdx": 0,
			"iconIdx": 60
		},
		{
			"icon": {
				"paths": [
					"M1014.662 822.66c-0.004-0.004-0.008-0.008-0.012-0.010l-310.644-310.65 310.644-310.65c0.004-0.004 0.008-0.006 0.012-0.010 3.344-3.346 5.762-7.254 7.312-11.416 4.246-11.376 1.824-24.682-7.324-33.83l-146.746-146.746c-9.148-9.146-22.45-11.566-33.828-7.32-4.16 1.55-8.070 3.968-11.418 7.31 0 0.004-0.004 0.006-0.008 0.010l-310.648 310.652-310.648-310.65c-0.004-0.004-0.006-0.006-0.010-0.010-3.346-3.342-7.254-5.76-11.414-7.31-11.38-4.248-24.682-1.826-33.83 7.32l-146.748 146.748c-9.148 9.148-11.568 22.452-7.322 33.828 1.552 4.16 3.97 8.072 7.312 11.416 0.004 0.002 0.006 0.006 0.010 0.010l310.65 310.648-310.65 310.652c-0.002 0.004-0.006 0.006-0.008 0.010-3.342 3.346-5.76 7.254-7.314 11.414-4.248 11.376-1.826 24.682 7.322 33.83l146.748 146.746c9.15 9.148 22.452 11.568 33.83 7.322 4.16-1.552 8.070-3.97 11.416-7.312 0.002-0.004 0.006-0.006 0.010-0.010l310.648-310.65 310.648 310.65c0.004 0.002 0.008 0.006 0.012 0.008 3.348 3.344 7.254 5.762 11.414 7.314 11.378 4.246 24.684 1.826 33.828-7.322l146.746-146.748c9.148-9.148 11.57-22.454 7.324-33.83-1.552-4.16-3.97-8.068-7.314-11.414z"
				],
				"tags": [
					"close",
					"cancel",
					"quit",
					"remove",
					"cross"
				],
				"grid": 16
			},
			"properties": {
				"id": 253,
				"order": 68,
				"prevSize": 32,
				"code": 88,
				"name": "close",
				"ligatures": ""
			},
			"setIdx": 0,
			"iconIdx": 61
		},
		{
			"icon": {
				"paths": [
					"M864 128l-480 480-224-224-160 160 384 384 640-640z"
				],
				"tags": [
					"checkmark",
					"tick",
					"correct",
					"accept",
					"ok"
				],
				"grid": 16
			},
			"properties": {
				"id": 254,
				"order": 69,
				"prevSize": 32,
				"code": 59134,
				"name": "checkmark",
				"ligatures": ""
			},
			"setIdx": 0,
			"iconIdx": 62
		},
		{
			"icon": {
				"paths": [
					"M128 576c0 35.348 28.654 64 64 64s64-28.652 64-64v-229.492l530.746 530.748c24.992 24.992 65.516 24.992 90.508 0 12.498-12.498 18.746-28.878 18.746-45.256s-6.248-32.758-18.746-45.254l-530.746-530.746h229.492c35.346 0 64-28.654 64-64s-28.654-64-64-64h-448v448z"
				],
				"tags": [
					"arrow-up-left",
					"up",
					"left",
					"arrow",
					"top left",
					"up left"
				],
				"grid": 16
			},
			"properties": {
				"id": 295,
				"order": 72,
				"prevSize": 32,
				"code": 59175,
				"name": "arrow-up-left2",
				"ligatures": ""
			},
			"setIdx": 0,
			"iconIdx": 65
		},
		{
			"icon": {
				"paths": [
					"M877.254 402.746l-320-320c-24.992-24.994-65.514-24.994-90.508 0l-320 320c-24.994 24.994-24.994 65.516 0 90.51 24.994 24.996 65.516 24.996 90.51 0l210.744-210.746v613.49c0 35.346 28.654 64 64 64s64-28.654 64-64v-613.49l210.746 210.746c12.496 12.496 28.876 18.744 45.254 18.744s32.758-6.248 45.254-18.746c24.994-24.994 24.994-65.514 0-90.508z"
				],
				"tags": [
					"arrow-up",
					"upload",
					"top"
				],
				"grid": 16
			},
			"properties": {
				"id": 296,
				"order": 73,
				"prevSize": 32,
				"code": 59176,
				"name": "arrow-up2",
				"ligatures": ""
			},
			"setIdx": 0,
			"iconIdx": 66
		},
		{
			"icon": {
				"paths": [
					"M832.020 128c-0.012 0-0.028 0-0.040 0h-383.98c-35.346 0-64 28.654-64 64s28.654 64 64 64h229.492l-530.746 530.746c-24.994 24.992-24.994 65.516 0 90.508 12.496 12.498 28.876 18.746 45.254 18.746s32.758-6.248 45.254-18.746l530.746-530.746v229.492c0 35.346 28.654 64 64 64s64-28.654 64-64v-448h-63.98z"
				],
				"tags": [
					"arrow-up-right",
					"up",
					"right",
					"arrow",
					"top right",
					"up right"
				],
				"grid": 16
			},
			"properties": {
				"id": 297,
				"order": 74,
				"prevSize": 32,
				"code": 59177,
				"name": "arrow-up-right2",
				"ligatures": ""
			},
			"setIdx": 0,
			"iconIdx": 67
		},
		{
			"icon": {
				"paths": [
					"M621.254 877.254l320-320c24.994-24.992 24.994-65.516 0-90.51l-320-320c-24.994-24.992-65.516-24.992-90.51 0-24.994 24.994-24.994 65.516 0 90.51l210.746 210.746h-613.49c-35.346 0-64 28.654-64 64s28.654 64 64 64h613.49l-210.746 210.746c-12.496 12.496-18.744 28.876-18.744 45.254s6.248 32.758 18.744 45.254c24.994 24.994 65.516 24.994 90.51 0z"
				],
				"tags": [
					"arrow-right",
					"right",
					"next"
				],
				"grid": 16
			},
			"properties": {
				"id": 298,
				"order": 75,
				"prevSize": 32,
				"code": 59178,
				"name": "arrow-right2",
				"ligatures": ""
			},
			"setIdx": 0,
			"iconIdx": 68
		},
		{
			"icon": {
				"paths": [
					"M896 448c0-35.348-28.652-64-64-64-35.346 0-64 28.652-64 64v229.492l-530.746-530.748c-24.992-24.992-65.516-24.992-90.508 0-12.498 12.498-18.746 28.878-18.746 45.256s6.248 32.758 18.746 45.254l530.746 530.746h-229.492c-35.346 0-64 28.654-64 64s28.654 64 64 64h448v-448z"
				],
				"tags": [
					"arrow-down-right",
					"down",
					"right",
					"arrow",
					"bottom right",
					"down right"
				],
				"grid": 16
			},
			"properties": {
				"id": 299,
				"order": 76,
				"prevSize": 32,
				"code": 59179,
				"name": "arrow-down-right2",
				"ligatures": ""
			},
			"setIdx": 0,
			"iconIdx": 69
		},
		{
			"icon": {
				"paths": [
					"M146.746 621.254l320 320c24.992 24.994 65.516 24.994 90.51 0l320-320c24.992-24.994 24.992-65.516 0-90.51-24.994-24.994-65.516-24.994-90.51 0l-210.746 210.746v-613.49c0-35.346-28.654-64-64-64s-64 28.654-64 64v613.49l-210.746-210.746c-12.496-12.496-28.876-18.744-45.254-18.744s-32.758 6.248-45.254 18.744c-24.994 24.994-24.994 65.516 0 90.51z"
				],
				"tags": [
					"arrow-down",
					"download",
					"bottom"
				],
				"grid": 16
			},
			"properties": {
				"id": 300,
				"order": 77,
				"prevSize": 32,
				"code": 59180,
				"name": "arrow-down2",
				"ligatures": ""
			},
			"setIdx": 0,
			"iconIdx": 70
		},
		{
			"icon": {
				"paths": [
					"M576 896c35.348 0 64-28.652 64-64 0-35.346-28.652-64-64-64h-229.492l530.748-530.746c24.992-24.992 24.992-65.516 0-90.508-12.498-12.498-28.878-18.746-45.256-18.746s-32.758 6.248-45.254 18.746l-530.746 530.746v-229.492c0-35.346-28.654-64-64-64s-64 28.654-64 64v448h448z"
				],
				"tags": [
					"arrow-down-left",
					"down",
					"left",
					"arrow",
					"bottom left",
					"down left"
				],
				"grid": 16
			},
			"properties": {
				"id": 301,
				"order": 78,
				"prevSize": 32,
				"code": 59181,
				"name": "arrow-down-left2",
				"ligatures": ""
			},
			"setIdx": 0,
			"iconIdx": 71
		},
		{
			"icon": {
				"paths": [
					"M402.746 146.746l-320 320c-24.994 24.992-24.994 65.516 0 90.508l320 320c24.994 24.992 65.516 24.992 90.51 0 24.996-24.992 24.996-65.516 0-90.508l-210.748-210.746h613.492c35.346 0 64-28.652 64-64 0-35.346-28.654-64-64-64h-613.492l210.746-210.746c12.496-12.496 18.746-28.876 18.746-45.254s-6.248-32.758-18.744-45.254c-24.996-24.994-65.516-24.994-90.51 0z"
				],
				"tags": [
					"arrow-left",
					"left",
					"previous"
				],
				"grid": 16
			},
			"properties": {
				"id": 302,
				"order": 79,
				"prevSize": 32,
				"code": 59182,
				"name": "arrow-left2",
				"ligatures": ""
			},
			"setIdx": 0,
			"iconIdx": 72
		},
		{
			"icon": {
				"paths": [
					"M864 704c-45.16 0-85.92 18.738-115.012 48.83l-431.004-215.502c1.314-8.252 2.016-16.706 2.016-25.328s-0.702-17.076-2.016-25.326l431.004-215.502c29.092 30.090 69.852 48.828 115.012 48.828 88.366 0 160-71.634 160-160s-71.634-160-160-160-160 71.634-160 160c0 8.622 0.704 17.076 2.016 25.326l-431.004 215.504c-29.092-30.090-69.852-48.83-115.012-48.83-88.366 0-160 71.636-160 160 0 88.368 71.634 160 160 160 45.16 0 85.92-18.738 115.012-48.828l431.004 215.502c-1.312 8.25-2.016 16.704-2.016 25.326 0 88.368 71.634 160 160 160s160-71.632 160-160c0-88.364-71.634-160-160-160z"
				],
				"tags": [
					"share",
					"social"
				],
				"grid": 16
			},
			"properties": {
				"id": 350,
				"order": 126,
				"prevSize": 32,
				"code": 59230,
				"name": "share",
				"ligatures": ""
			},
			"setIdx": 0,
			"iconIdx": 73
		},
		{
			"icon": {
				"paths": [
					"M1004.512 444.256l-160-256c-23.36-37.408-64.384-60.16-108.512-60.16h-608c-70.688 0-128 57.312-128 128v512c0 70.688 57.312 128 128 128h608c44.128 0 85.12-22.752 108.512-60.192l160-256c25.984-41.44 25.984-94.144 0-135.648zM950.24 545.984l-160 256.064c-11.744 18.816-32.064 30.048-54.24 30.048h-608c-35.296 0-64-28.736-64-64v-512c0-35.296 28.704-64 64-64h608c22.176 0 42.496 11.264 54.24 30.048l160 256c12.896 20.64 12.896 47.264 0 67.84zM736 416.096c-53.056 0-96 42.976-96 96s42.944 96 96 96c52.992 0 96-43.008 96-96 0-53.024-43.008-96-96-96zM736 576.128c-35.36 0-64-28.672-64-64s28.64-64 64-64c35.328 0 64 28.672 64 64 0 35.296-28.672 64-64 64z"
				],
				"tags": [
					"tag",
					"price"
				],
				"grid": 32
			},
			"properties": {
				"id": 12,
				"order": 122,
				"prevSize": 32,
				"code": 31614,
				"name": "tag2",
				"ligatures": ""
			},
			"setIdx": 0,
			"iconIdx": 74
		},
		{
			"icon": {
				"paths": [
					"M512 0c-194.432 0-352 157.568-352 352 0 128.992 118.016 265.696 160.992 385.76 64.096 179.040 56.992 286.24 191.008 286.24 136 0 126.88-106.688 191.008-285.504 43.104-120.32 160.992-258.496 160.992-386.496 0-194.432-157.632-352-352-352zM594.944 869.632l-158.656 19.808c-5.664-16.384-11.744-35.552-19.136-60.576-0.096-0.32-0.224-0.672-0.288-0.992l198.016-24.736c-2.816 9.44-5.824 19.36-8.448 28.256-4.192 14.368-7.936 26.848-11.488 38.24zM407.552 797.056c-5.824-19.264-12.384-39.552-19.68-61.056h248.512c-3.936 11.488-7.872 23.008-11.264 33.888l-217.568 27.168zM512 960c-32.416 0-47.328-3.744-63.904-40l135.616-16.992c-19.648 52.928-33.952 56.992-71.712 56.992zM661.504 672h-298.656c-15.936-34.56-35.072-69.12-53.952-102.944-41.76-74.72-84.896-152-84.896-217.056 0-158.816 129.184-288 288-288 158.816 0 288 129.184 288 288 0 64.576-43.2 142.272-84.992 217.44-18.688 33.696-37.696 68.192-53.504 102.56zM512 160c8.8 0 16 7.168 16 16s-7.168 16-16 16c-88.224 0-160 71.776-160 160 0 8.832-7.168 16-16 16-8.832 0-16-7.168-16-16 0-105.888 86.112-192 192-192z"
				],
				"tags": [
					"bulb",
					"lamp",
					"idea"
				],
				"grid": 32
			},
			"properties": {
				"id": 14,
				"order": 123,
				"prevSize": 32,
				"code": 59425,
				"name": "bulb",
				"ligatures": ""
			},
			"setIdx": 0,
			"iconIdx": 75
		},
		{
			"icon": {
				"paths": [
					"M356.75 575.624l-210.562 210.564-82.188-82.188c-35.376 0-64 28.624-64 64v192c0 35.376 28.624 64 64 64h192c35.376 0 64-28.624 64-64l-82.188-82.124 210.562-210.624-91.624-91.628zM960 0h-192c-35.376 0-64 28.656-64 64l82.188 82.188-210.564 210.562 91.624 91.624 210.562-210.532 82.19 82.158c35.376 0 64-28.624 64-64v-192c0-35.344-28.624-64-64-64zM960 704l-82.188 82.188-210.562-210.564-91.624 91.624 210.562 210.624-82.188 82.128c0 35.376 28.624 64 64 64h192c35.376 0 64-28.624 64-64v-192c0-35.376-28.624-64-64-64zM320 64c0-35.344-28.624-64-64-64h-192c-35.376 0-64 28.656-64 64v192c0 35.376 28.624 64 64 64l82.188-82.156 210.562 210.532 91.624-91.624-210.562-210.564 82.188-82.188z"
				],
				"tags": [
					"expand",
					"maximize",
					"fullscreen",
					"arrows"
				],
				"grid": 16
			},
			"properties": {
				"id": 8,
				"order": 8,
				"prevSize": 32,
				"code": 59339,
				"name": "expand3",
				"ligatures": ""
			},
			"setIdx": 0,
			"iconIdx": 76
		},
		{
			"icon": {
				"paths": [
					"M960 320l-82.188-82.156-210.562 210.532-91.624-91.624 210.562-210.564-82.188-82.188c0-35.344 28.624-64 64-64h192c35.376 0 64 28.656 64 64v192c0 35.376-28.624 64-64 64zM320 960c0 35.376-28.624 64-64 64h-192c-35.376 0-64-28.624-64-64v-192c0-35.376 28.624-64 64-64l82.188 82.188 210.562-210.562 91.624 91.624-210.562 210.626 82.188 82.124z"
				],
				"tags": [
					"maximize",
					"resize",
					"arrows",
					"expand"
				],
				"grid": 16
			},
			"properties": {
				"id": 9,
				"order": 9,
				"prevSize": 32,
				"code": 59340,
				"name": "maximize",
				"ligatures": ""
			},
			"setIdx": 0,
			"iconIdx": 77
		},
		{
			"icon": {
				"paths": [
					"M959.998 128h-895.998c-35.342 0-64 28.624-64 64v640c0 35.376 28.658 64 64 64h895.998c35.344 0 64.002-28.624 64.002-64v-640c0-35.376-28.658-64-64.002-64zM832 256l-320 256-320-256h640zM896 768h-768v-448l384 320 384-320v448z"
				],
				"tags": [
					"envelope",
					"mail",
					"email",
					"contact"
				],
				"grid": 16
			},
			"properties": {
				"id": 33,
				"order": 7,
				"prevSize": 32,
				"code": 59364,
				"name": "envelope2",
				"ligatures": ""
			},
			"setIdx": 0,
			"iconIdx": 78
		},
		{
			"icon": {
				"paths": [
					"M608 0h-192c-229.75 0-416 186.25-416 416 0 148.876 78.812 278.5 196.376 352h-4.376v256l288-192h128c229.75 0 416-186.25 416-416s-186.25-416-416-416zM608 704h-128l-160 96v-113.624c-111.624-39.688-192-145.188-192-270.376 0-159.062 128.938-288 288-288h192c159.062 0 288 128.938 288 288s-128.938 288-288 288z"
				],
				"tags": [
					"chat",
					"comment",
					"bubble",
					"talk"
				],
				"grid": 16
			},
			"properties": {
				"id": 58,
				"order": 2,
				"prevSize": 32,
				"code": 59389,
				"name": "chat",
				"ligatures": ""
			},
			"setIdx": 0,
			"iconIdx": 79
		},
		{
			"icon": {
				"paths": [
					"M256 448h512v128h-512zM256 256h512v128h-512zM960 0h-896c-35.376 0-64 28.624-64 64v704c0 35.376 28.624 64 64 64h128v192l288-192h480c35.376 0 64-28.624 64-64v-704c0-35.376-28.624-64-64-64zM896 704h-416l-160 96v-96h-192v-576h768v576z"
				],
				"tags": [
					"comments",
					"chat",
					"talk",
					"bubble"
				],
				"grid": 16
			},
			"properties": {
				"id": 59,
				"order": 3,
				"prevSize": 32,
				"code": 59390,
				"name": "comments",
				"ligatures": ""
			},
			"setIdx": 0,
			"iconIdx": 80
		},
		{
			"icon": {
				"paths": [
					"M960 0h-896c-35.344 0-64 28.624-64 64v704c0 35.376 28.656 64 64 64h384v64h-192c-35.344 0-64 28.624-64 64v64h640v-64c0-35.376-28.656-64-64-64h-192v-64h384c35.344 0 64-28.624 64-64v-704c0-35.376-28.656-64-64-64zM896 704h-768v-576h768v576z"
				],
				"tags": [
					"screen",
					"display",
					"monitor",
					"pc",
					"computer",
					"desktop"
				],
				"grid": 16
			},
			"properties": {
				"id": 60,
				"order": 4,
				"prevSize": 32,
				"code": 59391,
				"name": "screen2",
				"ligatures": ""
			},
			"setIdx": 0,
			"iconIdx": 81
		},
		{
			"icon": {
				"paths": [
					"M832 0h-640c-35.344 0-64 28.624-64 64v896c0 35.376 28.656 64 64 64h640c35.344 0 64-28.624 64-64v-896c0-35.376-28.656-64-64-64zM768 768h-512v-640h512v640z"
				],
				"tags": [
					"iphone",
					"mobile",
					"phone",
					"contact"
				],
				"grid": 16
			},
			"properties": {
				"id": 61,
				"order": 5,
				"prevSize": 32,
				"code": 59392,
				"name": "iphone",
				"ligatures": ""
			},
			"setIdx": 0,
			"iconIdx": 82
		},
		{
			"icon": {
				"paths": [
					"M448 0c-35.344 0-64 28.624-64 64v320h-64v-320c0-35.376-28.656-64-64-64s-64 28.624-64 64v320h-64v-320c0-35.376-28.656-64-64-64s-64 28.624-64 64v384c0 35.376 28.656 64 64 64h128v448c0 35.376 28.656 64 64 64s64-28.624 64-64v-448h128c35.344 0 64-28.624 64-64v-384c0-35.376-28.656-64-64-64zM896 0c0 0-128 41.312-128 192v128c0 83.5 53.594 153.812 128 180.25v459.75c0 35.376 28.656 64 64 64s64-28.624 64-64v-948.25-11.75h-128z"
				],
				"tags": [
					"fork and knife",
					"lunch",
					"food",
					"restaurant",
					"meal",
					"dinner"
				],
				"grid": 16
			},
			"properties": {
				"id": 64,
				"order": 6,
				"prevSize": 32,
				"code": 59395,
				"name": "forkandknife",
				"ligatures": ""
			},
			"setIdx": 0,
			"iconIdx": 83
		},
		{
			"icon": {
				"paths": [
					"M512 0c-212.062 0-384 171.938-384 384s384 640 384 640 384-427.938 384-640-171.938-384-384-384zM512 640c-141.376 0-256-114.624-256-256s114.624-256 256-256 256 114.624 256 256-114.624 256-256 256z"
				],
				"tags": [
					"pin",
					"location",
					"map",
					"marker"
				],
				"grid": 16
			},
			"properties": {
				"id": 70,
				"order": 11,
				"prevSize": 32,
				"code": 59401,
				"name": "pin",
				"ligatures": ""
			},
			"setIdx": 0,
			"iconIdx": 84
		},
		{
			"icon": {
				"paths": [
					"M512 0c-212.062 0-384 171.938-384 384s384 640 384 640 384-427.938 384-640-171.938-384-384-384zM512 640c-141.376 0-256-114.624-256-256s114.624-256 256-256 256 114.624 256 256-114.624 256-256 256zM512 256c-70.688 0-128 57.312-128 128s57.312 128 128 128 128-57.312 128-128-57.312-128-128-128z"
				],
				"tags": [
					"pin-alt",
					"location",
					"map",
					"marker"
				],
				"grid": 16
			},
			"properties": {
				"id": 71,
				"order": 10,
				"prevSize": 32,
				"code": 59402,
				"name": "pin-alt",
				"ligatures": ""
			},
			"setIdx": 0,
			"iconIdx": 85
		},
		{
			"icon": {
				"paths": [
					"M758.784 739.738c-126.208-45.978-166.554-84.787-166.554-167.885 0-49.869 38.554-33.587 55.45-124.928 7.014-37.888 41.062-0.614 47.616-87.091 0-34.458-18.586-43.059-18.586-43.059s9.472-51.046 13.158-90.266c4.506-48.947-28.262-175.309-203.469-175.309-175.155 0-208.026 126.362-203.418 175.309 3.686 39.219 13.158 90.266 13.158 90.266s-18.637 8.55-18.637 43.059c6.502 86.477 40.55 49.203 47.565 87.091 16.947 91.341 55.501 75.059 55.501 124.928 0 83.098-40.346 121.907-166.554 167.885-126.669 46.080-208.896 93.133-208.896 125.235 0 32.051 0 107.776 0 107.776h962.56c0 0 0-75.725 0-107.776s-82.278-79.104-208.896-125.235z"
				],
				"tags": [
					"user",
					"group",
					"profile",
					"avatar",
					"persona"
				],
				"grid": 20
			},
			"properties": {
				"id": 13,
				"order": 12,
				"prevSize": 20,
				"code": 59472,
				"name": "user7",
				"ligatures": ""
			},
			"setIdx": 0,
			"iconIdx": 86
		},
		{
			"icon": {
				"paths": [
					"M1024 962.56c0 0-1.997-193.894-13.875-213.965-17.664-29.952-58.675-50.483-134.861-82.33-75.93-31.744-100.25-58.573-100.25-115.866 0-34.458 23.194-23.194 33.382-86.221 4.198-26.163 24.678-0.461 28.621-60.109 0-23.808-11.162-29.747-11.162-29.747s5.632-35.226 7.885-62.31c2.765-33.792-17.050-120.986-122.47-120.986s-125.133 87.245-122.419 120.986c2.202 27.085 7.834 62.31 7.834 62.31s-11.162 5.939-11.162 29.747c3.942 59.699 24.422 33.997 28.672 60.109 10.138 63.027 33.331 51.763 33.331 86.221 0 38.963-11.264 63.846-42.342 85.709 165.888 83.046 188.16 99.994 188.16 174.234l-0 152.218h230.656zM523.469 695.040c-101.325-42.291-133.632-78.029-133.632-154.47 0-45.875 30.925-30.925 44.493-114.995 5.581-34.867 32.973-0.563 38.144-80.128 0-31.744-14.899-39.629-14.899-39.629s7.578-46.95 10.547-83.098c3.686-44.954-22.733-161.28-163.277-161.28-140.544 0-166.912 116.275-163.226 161.28 2.97 36.147 10.496 83.098 10.496 83.098s-14.848 7.885-14.848 39.629c5.274 79.616 32.563 45.312 38.195 80.128 13.568 84.070 44.493 69.069 44.493 114.995 0 76.442-32.41 112.179-133.632 154.47-30.874 12.902-86.323 32.922-86.323 80.947v186.573h711.373c0 0 0-110.336 0-139.827 0-43.878-86.374-85.197-187.904-127.693z"
				],
				"tags": [
					"users",
					"group",
					"team",
					"people"
				],
				"grid": 20
			},
			"properties": {
				"id": 14,
				"order": 13,
				"prevSize": 20,
				"code": 59473,
				"name": "users4",
				"ligatures": ""
			},
			"setIdx": 0,
			"iconIdx": 87
		},
		{
			"icon": {
				"paths": [
					"M633.702 739.738c-127.539-45.978-168.294-84.787-168.294-167.885 0-49.869 38.963-33.587 56.064-124.928 7.117-37.888 41.523-0.614 48.026-87.091 0-34.458-18.739-43.059-18.739-43.059s9.574-51.046 13.261-90.266c4.608-48.947-28.57-175.309-205.619-175.309s-210.227 126.362-205.619 175.309c3.738 39.27 13.312 90.266 13.312 90.266s-18.79 8.55-18.79 43.059c6.605 86.477 41.011 49.203 48.026 87.091 17.152 91.341 56.115 75.059 56.115 124.928 0 83.098-40.806 121.907-168.346 167.885-15.36 5.478-51.968 14.080-83.098 27.546v205.517h819.2c0 0 0-75.725 0-107.776s-57.498-79.155-185.498-125.286zM870.4 460.8v-153.6h-102.4v153.6h-153.6v102.4h153.6v153.6h102.4v-153.6h153.6v-102.4h-153.6z"
				],
				"tags": [
					"user-add"
				],
				"grid": 20
			},
			"properties": {
				"id": 15,
				"order": 14,
				"prevSize": 20,
				"code": 59474,
				"name": "user-add",
				"ligatures": ""
			},
			"setIdx": 0,
			"iconIdx": 88
		},
		{
			"icon": {
				"paths": [
					"M921.6 102.4h-819.2c-56.32 0-102.4 46.080-102.4 102.4v614.4c0 56.32 46.080 102.4 102.4 102.4h819.2c56.371 0 102.4-46.080 102.4-102.4v-614.4c0-56.32-46.029-102.4-102.4-102.4zM921.6 819.2h-819.2v-614.4h819.2v614.4zM460.8 619.52h-256v92.16h256v-92.16zM460.8 465.92h-256v92.16h256v-92.16zM460.8 312.32h-256v92.16h256v-92.16zM814.080 640c0 0-87.040-22.733-87.040-67.482 0-42.598 56.371-60.518 56.371-147.558 0-70.656-21.504-112.64-92.211-112.64s-92.16 41.933-92.16 112.64c0 87.040 56.32 104.96 56.32 147.558 0 44.749-86.989 67.482-86.989 67.482-5.171 0-5.171 71.68-5.171 71.68h256c0 0 0-71.68-5.12-71.68z"
				],
				"tags": [
					"vcard",
					"card"
				],
				"grid": 20
			},
			"properties": {
				"id": 16,
				"order": 124,
				"prevSize": 20,
				"code": 59475,
				"name": "vcard",
				"ligatures": ""
			},
			"setIdx": 0,
			"iconIdx": 89
		},
		{
			"icon": {
				"paths": [
					"M296.96 624.64v-317.44h-194.56c-56.32 0-102.4 46.080-102.4 102.4v307.2c0 56.32 46.080 102.4 102.4 102.4h51.2v153.6l153.6-153.6h256c56.32 0 102.4-46.080 102.4-102.4v-93.184c-3.277 0.717-6.758 1.075-10.24 1.075h-358.4zM921.6 51.2h-460.8c-56.32 0-102.4 46.080-102.4 102.4v409.6h358.4l153.6 153.6v-153.6h51.2c56.32 0 102.4-46.080 102.4-102.4v-307.2c0-56.32-46.080-102.4-102.4-102.4z"
				],
				"tags": [
					"chat",
					"comments",
					"talk",
					"bubbles",
					"conversation",
					"discussion"
				],
				"grid": 20
			},
			"properties": {
				"id": 31,
				"order": 103,
				"prevSize": 20,
				"code": 59490,
				"name": "chat2",
				"ligatures": ""
			},
			"setIdx": 0,
			"iconIdx": 90
		},
		{
			"icon": {
				"paths": [
					"M819.2 153.6h-614.4c-56.32 0-102.4 46.080-102.4 102.4v358.4c0 56.32 46.080 102.4 102.4 102.4h204.8l204.8 153.6v-153.6h204.8c56.32 0 102.4-46.080 102.4-102.4v-358.4c0-56.32-46.080-102.4-102.4-102.4z"
				],
				"tags": [
					"comment",
					"bubble",
					"chat",
					"talk",
					"discussion",
					"conversation"
				],
				"grid": 20
			},
			"properties": {
				"id": 32,
				"order": 105,
				"prevSize": 20,
				"code": 59491,
				"name": "comment",
				"ligatures": ""
			},
			"setIdx": 0,
			"iconIdx": 91
		},
		{
			"icon": {
				"paths": [
					"M898.304 791.962l-193.485-193.485c29.184-47.974 45.978-104.192 45.978-164.454 0-174.899-151.603-326.502-326.554-326.502-174.899 0-316.723 141.824-316.723 316.723 0 174.95 151.552 326.554 326.502 326.554 58.163 0 112.64-15.77 159.488-43.162l194.509 194.56c19.098 19.046 49.92 19.046 68.915 0l48.282-48.23c18.995-19.046 12.083-43.008-6.912-62.003zM205.005 424.243c0-121.088 98.15-219.29 219.238-219.29 121.139 0 229.069 107.93 229.069 229.069s-98.15 219.29-219.29 219.29-229.018-107.93-229.018-229.069z"
				],
				"tags": [
					"search",
					"magnifier",
					"lookup",
					"find"
				],
				"grid": 20
			},
			"properties": {
				"id": 36,
				"order": 15,
				"prevSize": 20,
				"code": 59495,
				"name": "search4",
				"ligatures": ""
			},
			"setIdx": 0,
			"iconIdx": 92
		},
		{
			"icon": {
				"paths": [
					"M564.275 870.4h-411.699v-716.8h411.648v153.6h101.376v-153.6c0-56.32-46.029-102.4-102.4-102.4h-409.6c-56.32 0-102.4 46.080-102.4 102.4v716.8c0 56.32 46.080 102.4 102.4 102.4h409.6c56.371 0 102.4-46.080 102.4-102.4v-102.4h-101.325v102.4zM972.8 537.6l-203.725-199.68v122.88h-460.8v153.6h460.8v122.88l203.725-199.68z"
				],
				"tags": [
					"logout",
					"log out",
					"sign out",
					"exit",
					"log off",
					"quit",
					"leave"
				],
				"grid": 20
			},
			"properties": {
				"id": 117,
				"order": 35,
				"prevSize": 20,
				"code": 59576,
				"name": "logout",
				"ligatures": ""
			},
			"setIdx": 0,
			"iconIdx": 93
		},
		{
			"icon": {
				"paths": [
					"M870.4 51.2h-460.8c-56.32 0-101.376 46.080-101.376 102.4v153.6h101.376v-153.6h460.8v716.8h-460.8v-102.4h-101.376v102.4c0 56.32 45.056 102.4 101.376 102.4h460.8c56.32 0 102.4-46.080 102.4-102.4v-716.8c0-56.32-46.080-102.4-102.4-102.4zM512 737.28l204.8-199.68-204.8-199.68v122.88h-460.8v153.6h460.8v122.88z"
				],
				"tags": [
					"login",
					"enter",
					"sign in",
					"log in"
				],
				"grid": 20
			},
			"properties": {
				"id": 118,
				"order": 36,
				"prevSize": 20,
				"code": 59577,
				"name": "login",
				"ligatures": ""
			},
			"setIdx": 0,
			"iconIdx": 94
		},
		{
			"icon": {
				"paths": [
					"M424.704 870.4c-22.272 0-43.366-10.394-56.883-28.314l-182.989-241.562c-23.808-31.437-17.613-76.186 13.824-99.994 31.488-23.859 76.186-17.613 99.994 13.824l120.371 158.925 302.694-485.939c20.838-33.434 64.87-43.674 98.355-22.835 33.434 20.787 43.674 64.87 22.784 98.304l-357.53 573.952c-12.442 20.019-33.894 32.563-57.395 33.587-1.075 0.051-2.15 0.051-3.226 0.051z"
				],
				"tags": [
					"checkmark",
					"tick",
					"correct"
				],
				"grid": 20
			},
			"properties": {
				"id": 119,
				"order": 33,
				"prevSize": 20,
				"code": 59578,
				"name": "checkmark3",
				"ligatures": ""
			},
			"setIdx": 0,
			"iconIdx": 95
		},
		{
			"icon": {
				"paths": [
					"M734.669 673.382l-141.21-161.382 141.21-161.382c24.013-24.013 24.013-62.925 0-86.886-24.013-23.962-62.925-23.962-86.886 0l-135.782 155.187-135.731-155.136c-24.013-24.013-62.925-24.013-86.886 0-23.962 24.013-23.962 62.925 0 86.886l141.158 161.331-141.21 161.382c-23.962 24.013-23.962 62.822 0 86.784 24.013 24.013 62.925 24.013 86.886 0l135.782-155.085 135.731 155.085c24.013 24.013 62.925 24.013 86.886 0s24.013-62.771 0.051-86.784z"
				],
				"tags": [
					"cross",
					"cancel",
					"close",
					"remove",
					"delete"
				],
				"grid": 20
			},
			"properties": {
				"id": 120,
				"order": 34,
				"prevSize": 20,
				"code": 59579,
				"name": "cross",
				"ligatures": ""
			},
			"setIdx": 0,
			"iconIdx": 96
		},
		{
			"icon": {
				"paths": [
					"M819.2 102.4h-614.4c-56.32 0-102.4 46.080-102.4 102.4v614.4c0 56.32 46.080 102.4 102.4 102.4h614.4c56.32 0 102.4-46.080 102.4-102.4v-614.4c0-56.32-46.080-102.4-102.4-102.4zM768 563.2h-512v-102.4h512v102.4z"
				],
				"tags": [
					"minus",
					"subtract",
					"remove",
					"delete"
				],
				"grid": 20
			},
			"properties": {
				"id": 121,
				"order": 107,
				"prevSize": 20,
				"code": 59580,
				"name": "minus2",
				"ligatures": ""
			},
			"setIdx": 0,
			"iconIdx": 97
		},
		{
			"icon": {
				"paths": [
					"M819.2 102.4h-614.4c-56.32 0-102.4 46.080-102.4 102.4v614.4c0 56.32 46.080 102.4 102.4 102.4h614.4c56.32 0 102.4-46.080 102.4-102.4v-614.4c0-56.32-46.080-102.4-102.4-102.4zM768 563.2h-204.8v204.8h-102.4v-204.8h-204.8v-102.4h204.8v-204.8h102.4v204.8h204.8v102.4z"
				],
				"tags": [
					"plus",
					"add",
					"sum"
				],
				"grid": 20
			},
			"properties": {
				"id": 122,
				"order": 108,
				"prevSize": 20,
				"code": 59581,
				"name": "plus2",
				"ligatures": ""
			},
			"setIdx": 0,
			"iconIdx": 98
		},
		{
			"icon": {
				"paths": [
					"M819.2 102.4h-614.4c-56.32 0-102.4 46.080-102.4 102.4v614.4c0 56.32 46.080 102.4 102.4 102.4h614.4c56.32 0 102.4-46.080 102.4-102.4v-614.4c0-56.32-46.080-102.4-102.4-102.4zM668.723 757.197l-156.723-156.672-156.723 156.723-88.474-88.525 156.672-156.723-156.672-156.672 88.474-88.525 156.723 156.672 156.672-156.672 88.525 88.474-156.672 156.723 156.723 156.723-88.525 88.474z"
				],
				"tags": [
					"cross",
					"cancel",
					"close",
					"remove",
					"delete"
				],
				"grid": 20
			},
			"properties": {
				"id": 123,
				"order": 109,
				"prevSize": 20,
				"code": 59582,
				"name": "cross2",
				"ligatures": ""
			},
			"setIdx": 0,
			"iconIdx": 99
		},
		{
			"icon": {
				"paths": [
					"M512 81.92c-237.568 0-430.080 192.614-430.080 430.080 0 237.568 192.563 430.080 430.080 430.080 237.517 0 430.080-192.563 430.080-430.080 0-237.517-192.563-430.080-430.080-430.080zM770.56 459.674v104.704h-517.12v-104.704h517.12z"
				],
				"tags": [
					"minus",
					"subtract",
					"remove",
					"delete"
				],
				"grid": 20
			},
			"properties": {
				"id": 124,
				"order": 110,
				"prevSize": 20,
				"code": 59583,
				"name": "minus3",
				"ligatures": ""
			},
			"setIdx": 0,
			"iconIdx": 100
		},
		{
			"icon": {
				"paths": [
					"M512 81.92c-237.568 0-430.080 192.614-430.080 430.080 0 237.568 192.563 430.080 430.080 430.080 237.517 0 430.080-192.563 430.080-430.080 0-237.517-192.563-430.080-430.080-430.080zM564.326 564.326v206.182h-104.653v-206.182h-206.234v-104.653h206.182v-206.234h104.704v206.182h206.182v104.704h-206.182z"
				],
				"tags": [
					"plus",
					"add",
					"sum"
				],
				"grid": 20
			},
			"properties": {
				"id": 125,
				"order": 111,
				"prevSize": 20,
				"code": 59584,
				"name": "plus3",
				"ligatures": ""
			},
			"setIdx": 0,
			"iconIdx": 101
		},
		{
			"icon": {
				"paths": [
					"M512 81.92c-237.568 0-430.080 192.614-430.080 430.080 0 237.568 192.563 430.080 430.080 430.080 237.517 0 430.080-192.563 430.080-430.080 0-237.517-192.563-430.080-430.080-430.080zM600.525 512l156.723 156.723-88.525 88.525-156.723-156.723-156.723 156.723-88.474-88.525 156.672-156.723-156.672-156.672 88.474-88.525 156.723 156.672 156.723-156.672 88.525 88.474-156.723 156.723z"
				],
				"tags": [
					"cross",
					"cancel",
					"close",
					"remove",
					"delete"
				],
				"grid": 20
			},
			"properties": {
				"id": 126,
				"order": 112,
				"prevSize": 20,
				"code": 59585,
				"name": "cross3",
				"ligatures": ""
			},
			"setIdx": 0,
			"iconIdx": 102
		},
		{
			"icon": {
				"paths": [
					"M778.189 460.8h-532.429c-28.314 0-30.72 22.938-30.72 51.2s2.406 51.2 30.72 51.2h532.429c28.314 0 30.771-22.938 30.771-51.2s-2.458-51.2-30.771-51.2z"
				],
				"tags": [
					"minus",
					"remove",
					"delete",
					"substract"
				],
				"grid": 20
			},
			"properties": {
				"id": 127,
				"order": 31,
				"prevSize": 20,
				"code": 45,
				"name": "minus4",
				"ligatures": ""
			},
			"setIdx": 0,
			"iconIdx": 103
		},
		{
			"icon": {
				"paths": [
					"M778.189 460.8h-215.040v-215.040c0-28.262-22.886-30.72-51.2-30.72-28.262 0-51.2 2.406-51.2 30.72l-0 215.040h-214.989c-28.314 0-30.72 22.938-30.72 51.2s2.406 51.2 30.72 51.2h214.989v215.040c0 28.262 22.938 30.72 51.2 30.72 28.314 0 51.2-2.458 51.2-30.72v-215.040h215.040c28.314 0 30.771-22.938 30.771-51.2s-2.458-51.2-30.771-51.2z"
				],
				"tags": [
					"plus",
					"add",
					"sum"
				],
				"grid": 20
			},
			"properties": {
				"id": 128,
				"order": 32,
				"prevSize": 20,
				"code": 43,
				"name": "plus4",
				"ligatures": ""
			},
			"setIdx": 0,
			"iconIdx": 104
		},
		{
			"icon": {
				"paths": [
					"M921.6 153.6h-489.165c-22.528 0-54.835 12.134-71.782 26.982l-347.955 304.435c-16.947 14.848-16.947 39.117 0 53.965l347.955 304.486c16.947 14.797 49.254 26.931 71.782 26.931h489.165c56.371 0 102.4-46.080 102.4-102.4v-512c0-56.32-46.029-102.4-102.4-102.4zM777.779 716.8l-130.918-130.918-130.816 130.918-73.933-73.882 130.867-130.918-130.867-130.867 73.933-73.933 130.867 130.867 130.867-130.867 73.882 73.933-130.816 130.867 130.867 130.867-73.933 73.933z"
				],
				"tags": [
					"erase",
					"delete",
					"remove",
					"backspace"
				],
				"grid": 20
			},
			"properties": {
				"id": 129,
				"order": 40,
				"prevSize": 20,
				"code": 59588,
				"name": "erase",
				"ligatures": ""
			},
			"setIdx": 0,
			"iconIdx": 105
		},
		{
			"icon": {
				"paths": [
					"M512 20.48c-271.462 0-491.52 220.058-491.52 491.52s220.058 491.52 491.52 491.52c271.514 0 491.52-220.058 491.52-491.52s-220.006-491.52-491.52-491.52zM776.499 247.603l-0.102-0.102c0 0.051 0.102 0.102 0.102 0.102zM138.035 512c0-206.541 167.424-373.965 373.965-373.965 89.805 0 172.237 31.642 236.749 84.378l-526.285 526.234c-52.787-64.461-84.429-146.842-84.429-236.646zM247.501 776.397l0.102 0.102c-0.051-0.051-0.051-0.051-0.102-0.102zM512 886.016c-89.805 0-172.186-31.693-236.646-84.429l526.131-526.234c52.787 64.461 84.48 146.842 84.48 236.646 0.051 206.541-167.475 374.016-373.965 374.016z"
				],
				"tags": [
					"blocked",
					"denied",
					"forbidden"
				],
				"grid": 20
			},
			"properties": {
				"id": 130,
				"order": 41,
				"prevSize": 20,
				"code": 59589,
				"name": "blocked2",
				"ligatures": ""
			},
			"setIdx": 0,
			"iconIdx": 106
		},
		{
			"icon": {
				"paths": [
					"M636.518 0c68.608 0 102.912 46.797 102.912 100.25 0 66.765-59.597 128.563-137.114 128.563-65.024 0-102.912-38.4-101.12-101.837-0-53.504 45.056-126.976 135.322-126.976zM425.421 1024c-54.17 0-93.85-33.382-55.962-180.378l62.157-260.659c10.803-41.728 12.595-58.47 0-58.47-16.282 0-86.528 28.826-128.102 57.242l-27.034-45.107c131.738-111.923 283.238-177.51 348.211-177.51 54.118 0 63.078 65.126 36.096 165.325l-71.219 274.022c-12.595 48.435-7.219 65.126 5.376 65.126 16.282 0 69.478-20.122 121.805-61.85l30.72 41.728c-128.051 130.355-267.93 180.531-322.048 180.531z"
				],
				"tags": [
					"info",
					"about"
				],
				"grid": 20
			},
			"properties": {
				"id": 131,
				"order": 106,
				"prevSize": 20,
				"code": 59590,
				"name": "info3",
				"ligatures": ""
			},
			"setIdx": 0,
			"iconIdx": 107
		},
		{
			"icon": {
				"paths": [
					"M505.702 41.011c-260.096 3.482-468.173 217.19-464.691 477.338 3.482 259.994 217.19 468.122 477.286 464.64 260.096-3.482 468.173-217.19 464.691-477.338-3.43-260.045-217.19-468.122-477.286-464.64zM557.926 197.99c47.872 0 62.003 27.75 62.003 59.546 0 39.68-31.795 76.39-86.016 76.39-45.363 0-66.918-22.835-65.638-60.518 0-31.795 26.624-75.418 89.651-75.418zM435.149 806.4c-32.717 0-56.678-19.866-33.792-107.213l37.53-154.829c6.502-24.832 7.578-34.765 0-34.765-9.779 0-52.275 17.152-77.414 34.048l-16.333-26.778c79.616-66.458 171.162-105.472 210.381-105.472 32.717 0 38.144 38.707 21.811 98.253l-43.008 162.816c-7.578 28.774-4.301 38.707 3.277 38.707 9.779 0 41.984-11.878 73.626-36.762l18.483 24.832c-77.363 77.363-161.792 107.162-194.56 107.162z"
				],
				"tags": [
					"info",
					"about"
				],
				"grid": 20
			},
			"properties": {
				"id": 132,
				"order": 28,
				"prevSize": 20,
				"code": 59591,
				"name": "info4",
				"ligatures": ""
			},
			"setIdx": 0,
			"iconIdx": 108
		},
		{
			"icon": {
				"paths": [
					"M721.408 114.381c-58.419-42.138-131.686-63.181-219.955-63.181-67.174 0-123.802 14.848-169.83 44.442-73.062 46.387-111.872 125.133-116.582 236.237h169.267c0-32.358 9.421-63.539 28.314-93.542s50.944-45.005 96.154-45.005c45.926 0 77.619 12.186 94.925 36.506 17.357 24.422 26.010 51.405 26.010 80.998 0 25.754-12.902 49.306-28.467 70.758-8.55 12.493-19.866 23.962-33.843 34.509 0 0-91.802 58.88-132.147 106.189-23.398 27.443-25.498 68.506-27.546 127.437-0.154 4.198 1.434 12.851 16.128 12.851s118.63 0 131.686 0 15.77-9.677 15.974-13.926c0.922-21.453 3.328-32.41 7.27-44.8 7.424-23.398 27.494-43.827 50.125-61.389l46.592-32.154c42.035-32.768 75.622-59.648 90.419-80.742 25.293-34.714 43.059-77.414 43.059-128.051 0-82.688-29.235-145.050-87.552-187.136zM498.739 764.109c-58.368-1.741-106.496 38.605-108.339 101.888-1.843 63.232 43.93 105.011 102.298 106.752 60.928 1.792 107.776-37.274 109.619-100.506 1.792-63.283-42.65-106.342-103.578-108.134z"
				],
				"tags": [
					"question",
					"help"
				],
				"grid": 20
			},
			"properties": {
				"id": 133,
				"order": 30,
				"prevSize": 20,
				"code": 59592,
				"name": "question3",
				"ligatures": ""
			},
			"setIdx": 0,
			"iconIdx": 109
		},
		{
			"icon": {
				"paths": [
					"M505.754 41.011c-260.147 3.482-468.224 217.19-464.742 477.338 3.482 259.994 217.19 468.122 477.338 464.64 260.045-3.482 468.173-217.19 464.64-477.338-3.43-260.045-217.139-468.122-477.235-464.64zM504.371 798.72h-2.611c-40.038-1.178-68.301-30.72-67.174-70.195 1.126-38.758 30.054-66.97 68.813-66.97l2.355 0.051c41.165 1.229 69.12 30.464 67.891 71.066-1.126 38.861-29.645 66.048-69.274 66.048zM672.87 464.282c-9.472 13.363-30.157 30.003-56.269 50.33l-28.774 19.866c-15.77 12.288-25.293 23.808-28.826 35.123-2.867 9.011-4.198 11.315-4.454 29.491l-0.051 4.659-109.722 0 0.307-9.318c1.331-38.195 2.304-60.621 18.125-79.206 24.832-29.133 79.616-64.41 81.92-65.894 7.834-5.939 14.438-12.646 19.405-19.814 11.52-15.872 16.589-28.416 16.589-40.653 0-17.050-5.069-32.819-15.053-46.848-9.626-13.568-27.904-20.429-54.323-20.429-26.214 0-44.134 8.346-54.886 25.395-11.11 17.562-16.64 35.942-16.64 54.784v4.71h-113.152l0.205-4.915c2.918-69.325 27.648-119.194 73.523-148.326 28.774-18.586 64.614-27.955 106.394-27.955 54.733 0 101.018 13.312 137.37 39.526 36.864 26.573 55.552 66.406 55.552 118.323 0 29.082-9.165 56.371-27.238 81.152z"
				],
				"tags": [
					"help",
					"question"
				],
				"grid": 20
			},
			"properties": {
				"id": 134,
				"order": 29,
				"prevSize": 20,
				"code": 59593,
				"name": "help",
				"ligatures": ""
			},
			"setIdx": 0,
			"iconIdx": 110
		},
		{
			"icon": {
				"paths": [
					"M999.014 920.678l-456.090-800.307c-6.298-11.059-18.125-17.869-30.925-17.869-12.8 0-24.576 6.81-30.925 17.869l-456.038 800.307c-6.195 10.854-6.093 24.115 0.256 34.867s18.022 17.357 30.618 17.357h912.128c12.493 0 24.218-6.605 30.618-17.357 6.349-10.752 6.451-24.013 0.358-34.867zM568.32 870.502h-112.64v-102.4h112.64v102.4zM568.32 691.302h-112.64v-307.2h112.64v307.2z"
				],
				"tags": [
					"warning",
					"alert",
					"exclamation"
				],
				"grid": 20
			},
			"properties": {
				"id": 135,
				"order": 37,
				"prevSize": 20,
				"code": 59594,
				"name": "warning2",
				"ligatures": ""
			},
			"setIdx": 0,
			"iconIdx": 111
		},
		{
			"icon": {
				"paths": [
					"M512 102.502l-266.24 249.856h168.96v262.144h194.56v-262.144h169.011l-266.291-249.856zM990.208 693.453l-163.021-109.67h-100.506l174.080 133.53h-181.504c-5.222 0-9.882 2.662-12.288 6.81l-41.779 114.432-306.381-0-41.83-114.432c-2.304-4.147-7.066-6.81-12.288-6.81h-181.453l174.131-133.53h-100.557l-162.97 109.67c-24.269 14.49-38.758 47.923-32.256 74.189l28.723 157.389c6.502 26.317 35.379 47.872 64.051 47.872h835.226c28.774 0 57.6-21.555 64.102-47.872l28.723-157.389c6.605-26.317-7.936-59.699-32.205-74.189z"
				],
				"tags": [
					"upload",
					"load",
					"import"
				],
				"grid": 20
			},
			"properties": {
				"id": 162,
				"order": 38,
				"prevSize": 20,
				"code": 59621,
				"name": "upload4",
				"ligatures": ""
			},
			"setIdx": 0,
			"iconIdx": 112
		},
		{
			"icon": {
				"paths": [
					"M990.208 693.453l-163.021-109.67h-100.506l174.080 133.53h-181.504c-5.222 0-9.882 2.662-12.288 6.81l-41.779 114.432-306.381-0-41.83-114.432c-2.304-4.147-7.066-6.81-12.288-6.81h-181.453l174.131-133.53h-100.557l-162.97 109.67c-24.269 14.49-38.758 47.923-32.256 74.189l28.723 157.389c6.502 26.317 35.379 47.872 64.051 47.872h835.226c28.774 0 57.6-21.555 64.102-47.872l28.723-157.389c6.605-26.317-7.936-59.699-32.205-74.189zM778.291 364.646h-169.011v-262.144h-194.56v262.144h-168.96l266.24 249.856 266.291-249.856z"
				],
				"tags": [
					"download",
					"archive",
					"store",
					"save"
				],
				"grid": 20
			},
			"properties": {
				"id": 163,
				"order": 39,
				"prevSize": 20,
				"code": 59622,
				"name": "download4",
				"ligatures": ""
			},
			"setIdx": 0,
			"iconIdx": 113
		},
		{
			"icon": {
				"paths": [
					"M585.574 231.219c-21.402 20.89-230.502 240.435-230.502 240.435-11.418 11.162-17.101 25.754-17.101 40.346s5.683 29.184 17.101 40.346c0 0 209.101 219.546 230.502 240.384 21.402 20.89 59.904 22.323 82.739 0 22.784-22.272 24.576-53.35-0.051-80.64l-191.846-200.090 191.846-200.090c24.627-27.341 22.835-58.419 0.051-80.691-22.886-22.272-61.389-20.89-82.739-0z"
				],
				"tags": [
					"arrow-left",
					"left",
					"previous"
				],
				"grid": 20
			},
			"properties": {
				"id": 205,
				"order": 16,
				"prevSize": 20,
				"code": 59664,
				"name": "arrow-left8",
				"ligatures": ""
			},
			"setIdx": 0,
			"iconIdx": 114
		},
		{
			"icon": {
				"paths": [
					"M792.73 438.426c-20.838 21.402-240.384 230.554-240.384 230.554-11.162 11.418-25.754 17.101-40.346 17.101-14.643 0-29.235-5.683-40.346-17.101 0 0-219.546-209.152-240.435-230.554-20.838-21.402-22.272-59.853 0-82.739 22.323-22.835 53.402-24.627 80.691 0l200.090 191.898 200.038-191.846c27.341-24.627 58.47-22.835 80.691 0 22.323 22.835 20.941 61.338 0 82.688z"
				],
				"tags": [
					"arrow-down",
					"down",
					"bottom"
				],
				"grid": 20
			},
			"properties": {
				"id": 206,
				"order": 17,
				"prevSize": 20,
				"code": 59665,
				"name": "arrow-down8",
				"ligatures": ""
			},
			"setIdx": 0,
			"iconIdx": 115
		},
		{
			"icon": {
				"paths": [
					"M792.73 585.574c-20.838-21.402-240.384-230.502-240.384-230.502-11.162-11.418-25.754-17.152-40.346-17.152-14.643 0-29.235 5.734-40.346 17.152 0 0-219.546 209.101-240.435 230.502-20.838 21.402-22.272 59.904 0 82.739 22.323 22.784 53.402 24.627 80.691 0l200.090-191.846 200.038 191.846c27.341 24.627 58.47 22.784 80.691 0 22.323-22.886 20.941-61.389 0-82.739z"
				],
				"tags": [
					"arrow-up",
					"up",
					"top"
				],
				"grid": 20
			},
			"properties": {
				"id": 207,
				"order": 18,
				"prevSize": 20,
				"code": 59666,
				"name": "arrow-up7",
				"ligatures": ""
			},
			"setIdx": 0,
			"iconIdx": 116
		},
		{
			"icon": {
				"paths": [
					"M438.426 231.219c21.402 20.89 230.502 240.435 230.502 240.435 11.469 11.162 17.152 25.754 17.152 40.346s-5.683 29.184-17.152 40.346c0 0-209.101 219.546-230.502 240.384-21.402 20.89-59.853 22.323-82.739 0-22.835-22.272-24.627-53.35 0-80.64l191.898-200.090-191.846-200.090c-24.627-27.341-22.835-58.419 0-80.691 22.835-22.272 61.338-20.89 82.688-0z"
				],
				"tags": [
					"arrow-right",
					"right",
					"next"
				],
				"grid": 20
			},
			"properties": {
				"id": 208,
				"order": 19,
				"prevSize": 20,
				"code": 59667,
				"name": "arrow-right8",
				"ligatures": ""
			},
			"setIdx": 0,
			"iconIdx": 117
		},
		{
			"icon": {
				"paths": [
					"M634.829 687.002c13.722 13.875 13.722 36.301 0 50.125-13.722 13.875-35.891 13.875-49.613 0l-196.096-200.038c-13.722-13.875-13.722-36.301 0-50.125l196.096-200.090c13.722-13.875 35.891-13.875 49.613 0s13.722 36.25 0 50.125l-160.768 175.002 160.768 175.002z"
				],
				"tags": [
					"arrow-left",
					"left",
					"previous"
				],
				"grid": 20
			},
			"properties": {
				"id": 209,
				"order": 20,
				"prevSize": 20,
				"code": 59668,
				"name": "arrow-left9",
				"ligatures": ""
			},
			"setIdx": 0,
			"iconIdx": 118
		},
		{
			"icon": {
				"paths": [
					"M687.002 389.171c13.875-13.722 36.301-13.722 50.125 0 13.875 13.722 13.875 35.891 0 49.613l-200.038 196.096c-13.875 13.722-36.301 13.722-50.125 0l-200.090-196.096c-13.824-13.722-13.824-35.891 0-49.613 13.875-13.722 36.25-13.722 50.125 0l175.002 160.768 175.002-160.768z"
				],
				"tags": [
					"arrow-down",
					"down",
					"bottom"
				],
				"grid": 20
			},
			"properties": {
				"id": 210,
				"order": 21,
				"prevSize": 20,
				"code": 59669,
				"name": "arrow-down9",
				"ligatures": ""
			},
			"setIdx": 0,
			"iconIdx": 119
		},
		{
			"icon": {
				"paths": [
					"M336.947 634.829c-13.875 13.722-36.25 13.722-50.125 0-13.824-13.722-13.875-35.891 0-49.664l200.090-195.994c13.875-13.722 36.301-13.722 50.125 0l200.090 196.045c13.875 13.773 13.875 35.942 0 49.664s-36.25 13.722-50.125 0l-175.053-160.819-175.002 160.768z"
				],
				"tags": [
					"arrow-up",
					"up",
					"top"
				],
				"grid": 20
			},
			"properties": {
				"id": 211,
				"order": 22,
				"prevSize": 20,
				"code": 59670,
				"name": "arrow-up8",
				"ligatures": ""
			},
			"setIdx": 0,
			"iconIdx": 120
		},
		{
			"icon": {
				"paths": [
					"M389.171 687.002c-13.722 13.875-13.722 36.301 0 50.125 13.67 13.875 35.891 13.875 49.613 0l196.096-200.038c13.722-13.875 13.722-36.301 0-50.125l-196.096-200.090c-13.722-13.875-35.891-13.875-49.613 0s-13.722 36.25-0.051 50.074l160.819 175.053-160.768 175.002z"
				],
				"tags": [
					"arrow-right",
					"right",
					"next"
				],
				"grid": 20
			},
			"properties": {
				"id": 212,
				"order": 23,
				"prevSize": 20,
				"code": 59671,
				"name": "arrow-right9",
				"ligatures": ""
			},
			"setIdx": 0,
			"iconIdx": 121
		},
		{
			"icon": {
				"paths": [
					"M737.229 891.802c13.722 13.875 13.722 36.25 0 50.125s-35.891 13.875-49.613 0l-400.896-404.838c-13.722-13.875-13.722-36.301 0-50.125l400.896-404.89c13.722-13.875 35.891-13.875 49.613 0s13.722 36.25 0 50.125l-365.568 379.802 365.568 379.802z"
				],
				"tags": [
					"arrow-left",
					"previous",
					"left"
				],
				"grid": 20
			},
			"properties": {
				"id": 213,
				"order": 24,
				"prevSize": 20,
				"code": 59672,
				"name": "arrow-left10",
				"ligatures": ""
			},
			"setIdx": 0,
			"iconIdx": 122
		},
		{
			"icon": {
				"paths": [
					"M132.198 286.771c-13.875-13.722-36.301-13.722-50.125 0-13.824 13.67-13.824 35.891 0 49.613l404.89 400.896c13.875 13.722 36.25 13.722 50.125 0l404.89-400.896c13.824-13.722 13.875-35.891 0-49.613s-36.352-13.722-50.125-0.051l-379.853 365.619-379.802-365.568z"
				],
				"tags": [
					"arrow-down",
					"down",
					"bottom"
				],
				"grid": 20
			},
			"properties": {
				"id": 214,
				"order": 25,
				"prevSize": 20,
				"code": 59673,
				"name": "arrow-down10",
				"ligatures": ""
			},
			"setIdx": 0,
			"iconIdx": 123
		},
		{
			"icon": {
				"paths": [
					"M891.802 737.229c13.875 13.722 36.301 13.722 50.125 0 13.875-13.722 13.875-35.891 0-49.613l-404.89-400.896c-13.824-13.722-36.25-13.722-50.074 0l-404.89 400.896c-13.824 13.722-13.875 35.891 0 49.613s36.25 13.722 50.125 0l379.802-365.619 379.802 365.619z"
				],
				"tags": [
					"arrow-up",
					"up",
					"top"
				],
				"grid": 20
			},
			"properties": {
				"id": 215,
				"order": 26,
				"prevSize": 20,
				"code": 59674,
				"name": "arrow-up9",
				"ligatures": ""
			},
			"setIdx": 0,
			"iconIdx": 124
		},
		{
			"icon": {
				"paths": [
					"M286.704 891.802c-13.722 13.875-13.722 36.25 0 50.125s35.891 13.875 49.613 0l400.896-404.838c13.722-13.875 13.722-36.301 0-50.125l-400.896-404.89c-13.722-13.875-35.891-13.875-49.613 0s-13.722 36.25 0 50.125l365.568 379.802-365.568 379.802z"
				],
				"grid": 20
			},
			"properties": {
				"id": 216,
				"order": 27,
				"prevSize": 20,
				"code": 59675,
				"name": "uniE91B",
				"ligatures": ""
			},
			"setIdx": 0,
			"iconIdx": 125
		}
	],
	"height": 1024,
	"metadata": {
		"name": "icomoon"
	},
	"preferences": {
		"fontPref": {
			"prefix": "icon-",
			"metadata": {
				"fontFamily": "icomoon"
			},
			"showGlyphs": true,
			"metrics": {
				"emSize": 512,
				"baseline": 6.25,
				"whitespace": 50
			},
			"resetPoint": 58880,
			"showQuickUse": true,
			"quickUsageToken": false,
			"showMetrics": true,
			"showMetadata": false
		},
		"imagePref": {
			"color": 0,
			"height": 32,
			"columns": 16,
			"margin": 16,
			"png": false,
			"sprites": true
		},
		"historySize": 100,
		"showCodes": true,
		"gridSize": 16,
		"showLiga": false,
		"showGrid": true,
		"showGlyphs": true,
		"showQuickUse": true,
		"search": ""
	}
}